signal_id,time,bar_time,pair,side,tw_signal,ai_side,ai_confidence,decision,reject_reason,entry_price,bid,ask,spread_bps,signal_source,filter_config
B-DOGE_USDT-1789731300000-1,2026-09-18T11:40:40.694827+00:00,2026-09-18T11:35:00+00:00,B-DOGE_USDT,LONG,1,NO TRADE,48.0,REJECTED,AI_CONFLICT,0.0853,0.08529,0.0853,1.1724016648099094,TW_FILTERED_PLUS_AI,"{""atr_expansion_min"": 1.1, ""cooldown_bars"": 3, ""ema_distance_min"": 0.003, ""ema_filter"": true, ""ema_length"": 200, ""hull_length"": 8, ""rsi_filter"": false, ""slope_filter"": true, ""volume_ratio_min"": 1.2}"
B-ZEC_USDT-1789743600000--1,2026-09-18T15:08:57.251644+00:00,2026-09-18T15:00:00+00:00,B-ZEC_USDT,SHORT,-1,LONG,68.0,REJECTED,AI_CONFLICT,1468.26,1468.26,1468.27,0.0681075963807004,TW_FILTERED_PLUS_AI,"{""atr_expansion_min"": 1.1, ""cooldown_bars"": 3, ""ema_distance_min"": 0.003, ""ema_filter"": true, ""ema_length"": 200, ""hull_length"": 8, ""rsi_filter"": false, ""slope_filter"": true, ""volume_ratio_min"": 1.2}"
B-SUI_USDT-1789811100000-1,2026-09-19T09:50:01.160948+00:00,2026-09-19T09:45:00+00:00,B-SUI_USDT,LONG,1,LONG,82.0,ACCEPTED,,0.8362,0.8361,0.8362,1.1959576630999225,TW_FILTERED_PLUS_AI,"{""atr_expansion_min"": 1.1, ""cooldown_bars"": 3, ""ema_distance_min"": 0.003, ""ema_filter"": true, ""ema_length"": 200, ""hull_length"": 8, ""rsi_filter"": false, ""slope_filter"": true, ""volume_ratio_min"": 1.2}"
B-SUI_USDT-1789897800000--1,2026-09-20T09:56:32.947903+00:00,2026-09-20T09:50:00+00:00,B-SUI_USDT,SHORT,-1,LONG,68.0,REJECTED,AI_CONFLICT,0.8211,0.8211,0.8212,1.2178042988490407,TW_FILTERED_PLUS_AI,"{""atr_expansion_min"": 1.1, ""cooldown_bars"": 3, ""ema_distance_min"": 0.003, ""ema_filter"": true, ""ema_length"": 200, ""hull_length"": 8, ""rsi_filter"": false, ""slope_filter"": true, ""volume_ratio_min"": 1.2}"
B-ONDO_USDT-1789897800000--1,2026-09-20T09:56:33.352182+00:00,2026-09-20T09:50:00+00:00,B-ONDO_USDT,SHORT,-1,NO TRADE,48.0,REJECTED,AI_CONFLICT,0.4097,0.4097,0.4098,2.4405125076263325,TW_FILTERED_PLUS_AI,"{""atr_expansion_min"": 1.1, ""cooldown_bars"": 3, ""ema_distance_min"": 0.003, ""ema_filter"": true, ""ema_length"": 200, ""hull_length"": 8, ""rsi_filter"": false, ""slope_filter"": true, ""volume_ratio_min"": 1.2}"
B-FIL_USDT-1789939800000-1,2026-09-20T21:38:26.977363+00:00,2026-09-20T21:30:00+00:00,B-FIL_USDT,LONG,1,LONG,92.0,ACCEPTED,,0.9486,0.9485,0.9486,1.0542406831478466,TW_FILTERED_PLUS_AI,"{""atr_expansion_min"": 1.1, ""cooldown_bars"": 3, ""ema_distance_min"": 0.003, ""ema_filter"": true, ""ema_length"": 200, ""hull_length"": 8, ""rsi_filter"": false, ""slope_filter"": true, ""volume_ratio_min"": 1.2}"
B-WLD_USDT-1789953300000-1,2026-09-21T01:22:22.271821+00:00,2026-09-21T01:15:00+00:00,B-WLD_USDT,LONG,1,LONG,92.0,ACCEPTED,,0.4447,0.4446,0.4447,2.2489598560663215,TW_FILTERED_PLUS_AI,"{""atr_expansion_min"": 1.1, ""cooldown_bars"": 3, ""ema_distance_min"": 0.003, ""ema_filter"": true, ""ema_length"": 200, ""hull_length"": 8, ""rsi_filter"": false, ""slope_filter"": true, ""volume_ratio_min"": 1.2}"
B-MUBARAK_USDT-1790226300000--1,2026-09-24T05:10:07.168724+00:00,2026-09-24T05:05:00+00:00,B-MUBARAK_USDT,SHORT,-1,NO TRADE,48.0,REJECTED,AI_CONFLICT,0.05171,0.05171,0.05172,1.9336749492416248,TW_FILTERED_PLUS_AI,"{""atr_expansion_min"": 1.1, ""cooldown_bars"": 3, ""ema_distance_min"": 0.003, ""ema_filter"": true, ""ema_length"": 200, ""hull_length"": 8, ""rsi_filter"": false, ""slope_filter"": true, ""volume_ratio_min"": 1.2}"
B-PENGU_USDT-1790229600000-1,2026-09-24T06:05:52.738503+00:00,2026-09-24T06:00:00+00:00,B-PENGU_USDT,LONG,1,LONG,92.0,ACCEPTED,,0.010027,0.010026,0.010027,0.9973570039388273,TW_FILTERED_PLUS_AI,"{""atr_expansion_min"": 1.1, ""cooldown_bars"": 3, ""ema_distance_min"": 0.003, ""ema_filter"": true, ""ema_length"": 200, ""hull_length"": 8, ""rsi_filter"": false, ""slope_filter"": true, ""volume_ratio_min"": 1.2}"
B-XAG_USDT-1790231400000--1,2026-09-24T06:35:09.456254+00:00,2026-09-24T06:30:00+00:00,B-XAG_USDT,SHORT,-1,SHORT,24.0,ACCEPTED,,64.09,64.09,64.1,1.5601841017225844,TW_FILTERED_PLUS_AI,"{""atr_expansion_min"": 1.1, ""cooldown_bars"": 3, ""ema_distance_min"": 0.003, ""ema_filter"": true, ""ema_length"": 200, ""hull_length"": 8, ""rsi_filter"": false, ""slope_filter"": true, ""volume_ratio_min"": 1.2}"
B-ONE_USDT-1790232300000--1,2026-09-24T06:50:09.317386+00:00,2026-09-24T06:45:00+00:00,B-ONE_USDT,SHORT,-1,LONG,92.0,REJECTED,POSITION_ALREADY_OPEN,0.002526,0.002526,0.0025262,0.7917342939713918,TW_FILTERED_PLUS_AI,"{""atr_expansion_min"": 1.1, ""cooldown_bars"": 3, ""ema_distance_min"": 0.003, ""ema_filter"": true, ""ema_length"": 200, ""hull_length"": 8, ""rsi_filter"": false, ""slope_filter"": true, ""volume_ratio_min"": 1.2}"
B-BZ_USDT-1790235900000-1,2026-09-24T07:50:15.239822+00:00,2026-09-24T07:45:00+00:00,B-BZ_USDT,LONG,1,LONG,92.0,ACCEPTED,,98.46,98.45,98.46,1.015692448325723,TW_FILTERED_PLUS_AI,"{""atr_expansion_min"": 1.1, ""cooldown_bars"": 3, ""ema_distance_min"": 0.003, ""ema_filter"": true, ""ema_length"": 200, ""hull_length"": 8, ""rsi_filter"": false, ""slope_filter"": true, ""volume_ratio_min"": 1.2}"
B-ZEC_USDT-1790240400000--1,2026-09-24T09:05:17.412458+00:00,2026-09-24T09:00:00+00:00,B-ZEC_USDT,SHORT,-1,SHORT,24.0,ACCEPTED,,1501.07,1501.07,1501.08,0.06661892310504743,TW_FILTERED_PLUS_AI,"{""atr_expansion_min"": 1.1, ""cooldown_bars"": 3, ""ema_distance_min"": 0.003, ""ema_filter"": true, ""ema_length"": 200, ""hull_length"": 8, ""rsi_filter"": false, ""slope_filter"": true, ""volume_ratio_min"": 1.2}"
B-UNI_USDT-1790240700000--1,2026-09-24T09:10:54.388664+00:00,2026-09-24T09:05:00+00:00,B-UNI_USDT,SHORT,-1,SHORT,24.0,REJECTED,POSITION_ALREADY_OPEN,9.062,9.062,9.063,1.1034482758634176,TW_FILTERED_PLUS_AI,"{""atr_expansion_min"": 1.1, ""cooldown_bars"": 3, ""ema_distance_min"": 0.003, ""ema_filter"": true, ""ema_length"": 200, ""hull_length"": 8, ""rsi_filter"": false, ""slope_filter"": true, ""volume_ratio_min"": 1.2}"
B-BNB_USDT-1790241300000--1,2026-09-24T09:20:00.395263+00:00,2026-09-24T09:15:00+00:00,B-BNB_USDT,SHORT,-1,SHORT,24.0,REJECTED,POSITION_ALREADY_OPEN,767.94,767.94,767.95,0.1302176588165937,TW_FILTERED_PLUS_AI,"{""atr_expansion_min"": 1.1, ""cooldown_bars"": 3, ""ema_distance_min"": 0.003, ""ema_filter"": true, ""ema_length"": 200, ""hull_length"": 8, ""rsi_filter"": false, ""slope_filter"": true, ""volume_ratio_min"": 1.2}"
B-XAU_USDT-1790241900000--1,2026-09-24T09:30:03.209407+00:00,2026-09-24T09:25:00+00:00,B-XAU_USDT,SHORT,-1,SHORT,34.0,ACCEPTED,,4259.99,4259.99,4260.0,0.023474205956153186,TW_FILTERED_PLUS_AI,"{""atr_expansion_min"": 1.1, ""cooldown_bars"": 3, ""ema_distance_min"": 0.003, ""ema_filter"": true, ""ema_length"": 200, ""hull_length"": 8, ""rsi_filter"": false, ""slope_filter"": true, ""volume_ratio_min"": 1.2}"
B-NIL_USDT-1790256000000--1,2026-09-24T13:25:15.365542+00:00,2026-09-24T13:20:00+00:00,B-NIL_USDT,SHORT,-1,SHORT,24.0,ACCEPTED,,0.11542,0.11542,0.11547,4.331066741739216,TW_FILTERED_PLUS_AI,"{""atr_expansion_min"": 1.1, ""cooldown_bars"": 3, ""ema_distance_min"": 0.003, ""ema_filter"": true, ""ema_length"": 200, ""hull_length"": 8, ""rsi_filter"": false, ""slope_filter"": true, ""volume_ratio_min"": 1.2}"
B-LTC_USDT-1790257800000-1,2026-09-24T13:55:12.011234+00:00,2026-09-24T13:50:00+00:00,B-LTC_USDT,LONG,1,LONG,82.0,ACCEPTED,,70.42,70.41,70.42,1.4201519562600466,TW_FILTERED_PLUS_AI,"{""atr_expansion_min"": 1.1, ""cooldown_bars"": 3, ""ema_distance_min"": 0.003, ""ema_filter"": true, ""ema_length"": 200, ""hull_length"": 8, ""rsi_filter"": false, ""slope_filter"": true, ""volume_ratio_min"": 1.2}"
B-XRP_USDT-1790258400000-1,2026-09-24T14:05:13.159242+00:00,2026-09-24T14:00:00+00:00,B-XRP_USDT,LONG,1,LONG,92.0,ACCEPTED,,1.5005,1.5004,1.5005,0.6664667266485987,TW_FILTERED_PLUS_AI,"{""atr_expansion_min"": 1.1, ""cooldown_bars"": 3, ""ema_distance_min"": 0.003, ""ema_filter"": true, ""ema_length"": 200, ""hull_length"": 8, ""rsi_filter"": false, ""slope_filter"": true, ""volume_ratio_min"": 1.2}"
B-NEAR_USDT-1790258400000-1,2026-09-24T14:05:13.771045+00:00,2026-09-24T14:00:00+00:00,B-NEAR_USDT,LONG,1,LONG,82.0,REJECTED,POSITION_ALREADY_OPEN,4.539,4.538,4.539,2.2033711578703223,TW_FILTERED_PLUS_AI,"{""atr_expansion_min"": 1.1, ""cooldown_bars"": 3, ""ema_distance_min"": 0.003, ""ema_filter"": true, ""ema_length"": 200, ""hull_length"": 8, ""rsi_filter"": false, ""slope_filter"": true, ""volume_ratio_min"": 1.2}"
B-TRUMP_USDT-1790258400000-1,2026-09-24T14:05:20.932657+00:00,2026-09-24T14:00:00+00:00,B-TRUMP_USDT,LONG,1,LONG,82.0,REJECTED,POSITION_ALREADY_OPEN,2.037,2.036,2.037,4.910385465258482,TW_FILTERED_PLUS_AI,"{""atr_expansion_min"": 1.1, ""cooldown_bars"": 3, ""ema_distance_min"": 0.003, ""ema_filter"": true, ""ema_length"": 200, ""hull_length"": 8, ""rsi_filter"": false, ""slope_filter"": true, ""volume_ratio_min"": 1.2}"
B-UNI_USDT-1790259600000-1,2026-09-24T14:25:01.718547+00:00,2026-09-24T14:20:00+00:00,B-UNI_USDT,LONG,1,LONG,92.0,REJECTED,POSITION_ALREADY_OPEN,9.246,9.245,9.246,1.0816072684021656,TW_FILTERED_PLUS_AI,"{""atr_expansion_min"": 1.1, ""cooldown_bars"": 3, ""ema_distance_min"": 0.003, ""ema_filter"": true, ""ema_length"": 200, ""hull_length"": 8, ""rsi_filter"": false, ""slope_filter"": true, ""volume_ratio_min"": 1.2}"
B-ENA_USDT-1790259600000-1,2026-09-24T14:25:05.533612+00:00,2026-09-24T14:20:00+00:00,B-ENA_USDT,LONG,1,LONG,82.0,REJECTED,POSITION_ALREADY_OPEN,0.22211,0.2221,0.22211,0.45023750028184867,TW_FILTERED_PLUS_AI,"{""atr_expansion_min"": 1.1, ""cooldown_bars"": 3, ""ema_distance_min"": 0.003, ""ema_filter"": true, ""ema_length"": 200, ""hull_length"": 8, ""rsi_filter"": false, ""slope_filter"": true, ""volume_ratio_min"": 1.2}"
B-ZEC_USDT-1790259900000-1,2026-09-24T14:30:03.503052+00:00,2026-09-24T14:25:00+00:00,B-ZEC_USDT,LONG,1,LONG,82.0,ACCEPTED,,1531.21,1531.2,1531.21,0.06530804170565603,TW_FILTERED_PLUS_AI,"{""atr_expansion_min"": 1.1, ""cooldown_bars"": 3, ""ema_distance_min"": 0.003, ""ema_filter"": true, ""ema_length"": 200, ""hull_length"": 8, ""rsi_filter"": false, ""slope_filter"": true, ""volume_ratio_min"": 1.2}"
B-NEAR_USDT-1790259900000-1,2026-09-24T14:30:06.100746+00:00,2026-09-24T14:25:00+00:00,B-NEAR_USDT,LONG,1,LONG,82.0,REJECTED,POSITION_ALREADY_OPEN,4.604,4.603,4.604,2.172260236777091,TW_FILTERED_PLUS_AI,"{""atr_expansion_min"": 1.1, ""cooldown_bars"": 3, ""ema_distance_min"": 0.003, ""ema_filter"": true, ""ema_length"": 200, ""hull_length"": 8, ""rsi_filter"": false, ""slope_filter"": true, ""volume_ratio_min"": 1.2}"
B-BZ_USDT-1790265600000-1,2026-09-24T16:05:01.755241+00:00,2026-09-24T16:00:00+00:00,B-BZ_USDT,LONG,1,LONG,82.0,ACCEPTED,,102.26,102.25,102.26,0.9779472886416426,TW_FILTERED_PLUS_AI,"{""atr_expansion_min"": 1.1, ""cooldown_bars"": 3, ""ema_distance_min"": 0.003, ""ema_filter"": true, ""ema_length"": 200, ""hull_length"": 8, ""rsi_filter"": false, ""slope_filter"": true, ""volume_ratio_min"": 1.2}"
B-ETH_USDT-1790266500000-1,2026-09-24T16:20:08.935525+00:00,2026-09-24T16:15:00+00:00,B-ETH_USDT,LONG,1,LONG,92.0,REJECTED,DAILY_TRADE_CAP,2690.1,2690.09,2690.1,0.03717340837317466,TW_FILTERED_PLUS_AI,"{""atr_expansion_min"": 1.1, ""cooldown_bars"": 3, ""ema_distance_min"": 0.003, ""ema_filter"": true, ""ema_length"": 200, ""hull_length"": 8, ""rsi_filter"": false, ""slope_filter"": true, ""volume_ratio_min"": 1.2}"
B-XRP_USDT-1790266500000-1,2026-09-24T16:20:09.298368+00:00,2026-09-24T16:15:00+00:00,B-XRP_USDT,LONG,1,LONG,92.0,REJECTED,DAILY_TRADE_CAP,1.5234,1.5233,1.5234,0.6564479600878916,TW_FILTERED_PLUS_AI,"{""atr_expansion_min"": 1.1, ""cooldown_bars"": 3, ""ema_distance_min"": 0.003, ""ema_filter"": true, ""ema_length"": 200, ""hull_length"": 8, ""rsi_filter"": false, ""slope_filter"": true, ""volume_ratio_min"": 1.2}"
B-DOGE_USDT-1790266500000-1,2026-09-24T16:20:09.663882+00:00,2026-09-24T16:15:00+00:00,B-DOGE_USDT,LONG,1,LONG,92.0,REJECTED,DAILY_TRADE_CAP,0.09662,0.09661,0.09662,1.0350359674994694,TW_FILTERED_PLUS_AI,"{""atr_expansion_min"": 1.1, ""cooldown_bars"": 3, ""ema_distance_min"": 0.003, ""ema_filter"": true, ""ema_length"": 200, ""hull_length"": 8, ""rsi_filter"": false, ""slope_filter"": true, ""volume_ratio_min"": 1.2}"
B-SUI_USDT-1790266500000-1,2026-09-24T16:20:09.984063+00:00,2026-09-24T16:15:00+00:00,B-SUI_USDT,LONG,1,LONG,92.0,REJECTED,DAILY_TRADE_CAP,1.0092,1.0091,1.0092,0.9909329633849179,TW_FILTERED_PLUS_AI,"{""atr_expansion_min"": 1.1, ""cooldown_bars"": 3, ""ema_distance_min"": 0.003, ""ema_filter"": true, ""ema_length"": 200, ""hull_length"": 8, ""rsi_filter"": false, ""slope_filter"": true, ""volume_ratio_min"": 1.2}"
B-TAO_USDT-1790270100000-1,2026-09-24T17:20:29.359190+00:00,2026-09-24T17:15:00+00:00,B-TAO_USDT,LONG,1,LONG,92.0,REJECTED,DAILY_TRADE_CAP,293.36,293.35,293.36,0.34088391198346385,TW_FILTERED_PLUS_AI,"{""atr_expansion_min"": 1.1, ""cooldown_bars"": 3, ""ema_distance_min"": 0.003, ""ema_filter"": true, ""ema_length"": 200, ""hull_length"": 8, ""rsi_filter"": false, ""slope_filter"": true, ""volume_ratio_min"": 1.2}"
B-ONDO_USDT-1790296500000-1,2026-09-25T00:40:10.391513+00:00,2026-09-25T00:35:00+00:00,B-ONDO_USDT,LONG,1,LONG,92.0,ACCEPTED,,0.5246,0.5245,0.5246,1.9063959584403583,TW_FILTERED_PLUS_AI,"{""atr_expansion_min"": 1.1, ""cooldown_bars"": 3, ""ema_distance_min"": 0.003, ""ema_filter"": true, ""ema_length"": 200, ""hull_length"": 8, ""rsi_filter"": false, ""slope_filter"": true, ""volume_ratio_min"": 1.2}"
B-NIL_USDT-1790296500000--1,2026-09-25T00:40:13.562206+00:00,2026-09-25T00:35:00+00:00,B-NIL_USDT,SHORT,-1,SHORT,24.0,REJECTED,POSITION_ALREADY_OPEN,0.10903,0.10903,0.10907,3.6680421824849487,TW_FILTERED_PLUS_AI,"{""atr_expansion_min"": 1.1, ""cooldown_bars"": 3, ""ema_distance_min"": 0.003, ""ema_filter"": true, ""ema_length"": 200, ""hull_length"": 8, ""rsi_filter"": false, ""slope_filter"": true, ""volume_ratio_min"": 1.2}"
B-ETH_USDT-1790298000000-1,2026-09-25T01:05:43.511617+00:00,2026-09-25T01:00:00+00:00,B-ETH_USDT,LONG,1,LONG,92.0,ACCEPTED,,2694.99,2694.98,2694.99,0.03710595791725569,TW_FILTERED_PLUS_AI,"{""atr_expansion_min"": 1.1, ""cooldown_bars"": 3, ""ema_distance_min"": 0.003, ""ema_filter"": true, ""ema_length"": 200, ""hull_length"": 8, ""rsi_filter"": false, ""slope_filter"": true, ""volume_ratio_min"": 1.2}"
B-LINK_USDT-1790298000000-1,2026-09-25T01:05:53.027038+00:00,2026-09-25T01:00:00+00:00,B-LINK_USDT,LONG,1,LONG,92.0,REJECTED,POSITION_ALREADY_OPEN,13.328,13.327,13.328,0.7503282686171043,TW_FILTERED_PLUS_AI,"{""atr_expansion_min"": 1.1, ""cooldown_bars"": 3, ""ema_distance_min"": 0.003, ""ema_filter"": true, ""ema_length"": 200, ""hull_length"": 8, ""rsi_filter"": false, ""slope_filter"": true, ""volume_ratio_min"": 1.2}"
B-SAGA_USDT-1790298000000-1,2026-09-25T01:05:53.533159+00:00,2026-09-25T01:00:00+00:00,B-SAGA_USDT,LONG,1,LONG,92.0,REJECTED,POSITION_ALREADY_OPEN,0.07118,0.07115,0.07118,4.2155553994222394,TW_FILTERED_PLUS_AI,"{""atr_expansion_min"": 1.1, ""cooldown_bars"": 3, ""ema_distance_min"": 0.003, ""ema_filter"": true, ""ema_length"": 200, ""hull_length"": 8, ""rsi_filter"": false, ""slope_filter"": true, ""volume_ratio_min"": 1.2}"
B-XRP_USDT-1790298300000-1,2026-09-25T01:11:00.057198+00:00,2026-09-25T01:05:00+00:00,B-XRP_USDT,LONG,1,LONG,92.0,REJECTED,DAILY_LOSS_LOCK,1.5508,1.5507,1.5508,0.6448492664838884,TW_FILTERED_PLUS_AI,"{""atr_expansion_min"": 1.1, ""cooldown_bars"": 3, ""ema_distance_min"": 0.003, ""ema_filter"": true, ""ema_length"": 200, ""hull_length"": 8, ""rsi_filter"": false, ""slope_filter"": true, ""volume_ratio_min"": 1.2}"
B-BTC_USDT-1790301000000-1,2026-09-25T01:55:15.675418+00:00,2026-09-25T01:50:00+00:00,B-BTC_USDT,LONG,1,LONG,68.0,REJECTED,DAILY_LOSS_LOCK,84480.0,84479.9,84480.0,0.0118371282186863,TW_FILTERED_PLUS_AI,"{""atr_expansion_min"": 1.1, ""cooldown_bars"": 3, ""ema_distance_min"": 0.003, ""ema_filter"": true, ""ema_length"": 200, ""hull_length"": 8, ""rsi_filter"": false, ""slope_filter"": true, ""volume_ratio_min"": 1.2}"
B-XPL_USDT-1790301300000-1,2026-09-25T02:00:02.252841+00:00,2026-09-25T01:55:00+00:00,B-XPL_USDT,LONG,1,LONG,92.0,REJECTED,DAILY_LOSS_LOCK,0.11271,0.1127,0.11271,0.8872720819848278,TW_FILTERED_PLUS_AI,"{""atr_expansion_min"": 1.1, ""cooldown_bars"": 3, ""ema_distance_min"": 0.003, ""ema_filter"": true, ""ema_length"": 200, ""hull_length"": 8, ""rsi_filter"": false, ""slope_filter"": true, ""volume_ratio_min"": 1.2}"
B-XRP_USDT-1790301600000-1,2026-09-25T02:05:14.382660+00:00,2026-09-25T02:00:00+00:00,B-XRP_USDT,LONG,1,LONG,92.0,REJECTED,DAILY_LOSS_LOCK,1.5523,1.5522,1.5523,0.6442261233692317,TW_FILTERED_PLUS_AI,"{""atr_expansion_min"": 1.1, ""cooldown_bars"": 3, ""ema_distance_min"": 0.003, ""ema_filter"": true, ""ema_length"": 200, ""hull_length"": 8, ""rsi_filter"": false, ""slope_filter"": true, ""volume_ratio_min"": 1.2}"
B-ONDO_USDT-1790301600000-1,2026-09-25T02:05:14.648020+00:00,2026-09-25T02:00:00+00:00,B-ONDO_USDT,LONG,1,LONG,92.0,REJECTED,DAILY_LOSS_LOCK,0.5358,0.5357,0.5358,1.8665422305198323,TW_FILTERED_PLUS_AI,"{""atr_expansion_min"": 1.1, ""cooldown_bars"": 3, ""ema_distance_min"": 0.003, ""ema_filter"": true, ""ema_length"": 200, ""hull_length"": 8, ""rsi_filter"": false, ""slope_filter"": true, ""volume_ratio_min"": 1.2}"
B-DOGE_USDT-1790301600000-1,2026-09-25T02:05:15.344368+00:00,2026-09-25T02:00:00+00:00,B-DOGE_USDT,LONG,1,LONG,92.0,REJECTED,DAILY_LOSS_LOCK,0.09654,0.09653,0.09654,1.0358937173042029,TW_FILTERED_PLUS_AI,"{""atr_expansion_min"": 1.1, ""cooldown_bars"": 3, ""ema_distance_min"": 0.003, ""ema_filter"": true, ""ema_length"": 200, ""hull_length"": 8, ""rsi_filter"": false, ""slope_filter"": true, ""volume_ratio_min"": 1.2}"
B-NIL_USDT-1790301600000--1,2026-09-25T02:05:16.017473+00:00,2026-09-25T02:00:00+00:00,B-NIL_USDT,SHORT,-1,SHORT,24.0,REJECTED,DAILY_LOSS_LOCK,0.10795,0.10795,0.10799,3.7047327961469265,TW_FILTERED_PLUS_AI,"{""atr_expansion_min"": 1.1, ""cooldown_bars"": 3, ""ema_distance_min"": 0.003, ""ema_filter"": true, ""ema_length"": 200, ""hull_length"": 8, ""rsi_filter"": false, ""slope_filter"": true, ""volume_ratio_min"": 1.2}"
B-NIL_USDT-1790303700000--1,2026-09-25T02:41:36.449521+00:00,2026-09-25T02:35:00+00:00,B-NIL_USDT,SHORT,-1,LONG,68.0,REJECTED,DAILY_LOSS_LOCK,0.11208,0.11208,0.1121,1.7842804888934003,TW_FILTERED_PLUS_AI,"{""atr_expansion_min"": 1.1, ""cooldown_bars"": 3, ""ema_distance_min"": 0.003, ""ema_filter"": true, ""ema_length"": 200, ""hull_length"": 8, ""rsi_filter"": false, ""slope_filter"": true, ""volume_ratio_min"": 1.2}"
B-BCH_USDT-1790305500000-1,2026-09-25T03:10:00.563180+00:00,2026-09-25T03:05:00+00:00,B-BCH_USDT,LONG,1,LONG,92.0,REJECTED,DAILY_LOSS_LOCK,340.46,340.45,340.46,0.2937245744662556,TW_FILTERED_PLUS_AI,"{""atr_expansion_min"": 1.1, ""cooldown_bars"": 3, ""ema_distance_min"": 0.003, ""ema_filter"": true, ""ema_length"": 200, ""hull_length"": 8, ""rsi_filter"": false, ""slope_filter"": true, ""volume_ratio_min"": 1.2}"
B-BTC_USDT-1790321700000--1,2026-09-25T07:40:13.770202+00:00,2026-09-25T07:35:00+00:00,B-BTC_USDT,SHORT,-1,SHORT,24.0,REJECTED,DAILY_LOSS_LOCK,83778.2,83778.2,83778.3,0.01193627224319209,TW_FILTERED_PLUS_AI,"{""atr_expansion_min"": 1.1, ""cooldown_bars"": 3, ""ema_distance_min"": 0.003, ""ema_filter"": true, ""ema_length"": 200, ""hull_length"": 8, ""rsi_filter"": false, ""slope_filter"": true, ""volume_ratio_min"": 1.2}"
B-ETH_USDT-1790321700000--1,2026-09-25T07:40:14.169117+00:00,2026-09-25T07:35:00+00:00,B-ETH_USDT,SHORT,-1,SHORT,24.0,REJECTED,DAILY_LOSS_LOCK,2667.35,2667.35,2667.36,0.03749032281124289,TW_FILTERED_PLUS_AI,"{""atr_expansion_min"": 1.1, ""cooldown_bars"": 3, ""ema_distance_min"": 0.003, ""ema_filter"": true, ""ema_length"": 200, ""hull_length"": 8, ""rsi_filter"": false, ""slope_filter"": true, ""volume_ratio_min"": 1.2}"
B-ADA_USDT-1790326800000-1,2026-09-25T09:05:01.572380+00:00,2026-09-25T09:00:00+00:00,B-ADA_USDT,LONG,1,LONG,92.0,REJECTED,DAILY_LOSS_LOCK,0.2529,0.2528,0.2529,3.954913980620486,TW_FILTERED_PLUS_AI,"{""atr_expansion_min"": 1.1, ""cooldown_bars"": 3, ""ema_distance_min"": 0.003, ""ema_filter"": true, ""ema_length"": 200, ""hull_length"": 8, ""rsi_filter"": false, ""slope_filter"": true, ""volume_ratio_min"": 1.2}"
B-AVAX_USDT-1790328300000-1,2026-09-25T09:30:17.052406+00:00,2026-09-25T09:25:00+00:00,B-AVAX_USDT,LONG,1,LONG,92.0,REJECTED,DAILY_LOSS_LOCK,10.419,10.418,10.419,0.9598310697329002,TW_FILTERED_PLUS_AI,"{""atr_expansion_min"": 1.1, ""cooldown_bars"": 3, ""ema_distance_min"": 0.003, ""ema_filter"": true, ""ema_length"": 200, ""hull_length"": 8, ""rsi_filter"": false, ""slope_filter"": true, ""volume_ratio_min"": 1.2}"
B-XAG_USDT-1790328600000-1,2026-09-25T09:35:04.100233+00:00,2026-09-25T09:30:00+00:00,B-XAG_USDT,LONG,1,LONG,92.0,REJECTED,DAILY_LOSS_LOCK,64.73,64.72,64.73,1.5449980687532046,TW_FILTERED_PLUS_AI,"{""atr_expansion_min"": 1.1, ""cooldown_bars"": 3, ""ema_distance_min"": 0.003, ""ema_filter"": true, ""ema_length"": 200, ""hull_length"": 8, ""rsi_filter"": false, ""slope_filter"": true, ""volume_ratio_min"": 1.2}"
B-SOL_USDT-1790331900000-1,2026-09-25T10:30:11.622994+00:00,2026-09-25T10:25:00+00:00,B-SOL_USDT,LONG,1,LONG,92.0,REJECTED,DAILY_LOSS_LOCK,118.86,118.85,118.86,0.8413613226204296,TW_FILTERED_PLUS_AI,"{""atr_expansion_min"": 1.1, ""cooldown_bars"": 3, ""ema_distance_min"": 0.003, ""ema_filter"": true, ""ema_length"": 200, ""hull_length"": 8, ""rsi_filter"": false, ""slope_filter"": true, ""volume_ratio_min"": 1.2}"
B-HYPE_USDT-1790334300000-1,2026-09-25T11:10:04.876616+00:00,2026-09-25T11:05:00+00:00,B-HYPE_USDT,LONG,1,LONG,92.0,REJECTED,DAILY_LOSS_LOCK,94.238,94.237,94.238,0.10611486934657381,TW_FILTERED_PLUS_AI,"{""atr_expansion_min"": 1.1, ""cooldown_bars"": 3, ""ema_distance_min"": 0.003, ""ema_filter"": true, ""ema_length"": 200, ""hull_length"": 8, ""rsi_filter"": false, ""slope_filter"": true, ""volume_ratio_min"": 1.2}"
B-UNI_USDT-1790334300000-1,2026-09-25T11:10:05.843870+00:00,2026-09-25T11:05:00+00:00,B-UNI_USDT,LONG,1,LONG,92.0,REJECTED,DAILY_LOSS_LOCK,9.455,9.454,9.455,1.0576973927753408,TW_FILTERED_PLUS_AI,"{""atr_expansion_min"": 1.1, ""cooldown_bars"": 3, ""ema_distance_min"": 0.003, ""ema_filter"": true, ""ema_length"": 200, ""hull_length"": 8, ""rsi_filter"": false, ""slope_filter"": true, ""volume_ratio_min"": 1.2}"
B-LTC_USDT-1790335500000--1,2026-09-25T11:30:11.703580+00:00,2026-09-25T11:25:00+00:00,B-LTC_USDT,SHORT,-1,LONG,68.0,REJECTED,DAILY_LOSS_LOCK,70.94,70.94,70.95,1.4095426034259098,TW_FILTERED_PLUS_AI,"{""atr_expansion_min"": 1.1, ""cooldown_bars"": 3, ""ema_distance_min"": 0.003, ""ema_filter"": true, ""ema_length"": 200, ""hull_length"": 8, ""rsi_filter"": false, ""slope_filter"": true, ""volume_ratio_min"": 1.2}"
B-XRP_USDT-1790337000000-1,2026-09-25T11:55:16.249229+00:00,2026-09-25T11:50:00+00:00,B-XRP_USDT,LONG,1,LONG,82.0,REJECTED,DAILY_LOSS_LOCK,1.5931,1.593,1.5931,0.6277266878000627,TW_FILTERED_PLUS_AI,"{""atr_expansion_min"": 1.1, ""cooldown_bars"": 3, ""ema_distance_min"": 0.003, ""ema_filter"": true, ""ema_length"": 200, ""hull_length"": 8, ""rsi_filter"": false, ""slope_filter"": true, ""volume_ratio_min"": 1.2}"
B-AVAX_USDT-1790337000000-1,2026-09-25T11:55:16.674122+00:00,2026-09-25T11:50:00+00:00,B-AVAX_USDT,LONG,1,LONG,92.0,REJECTED,DAILY_LOSS_LOCK,10.624,10.623,10.624,0.9413093613227487,TW_FILTERED_PLUS_AI,"{""atr_expansion_min"": 1.1, ""cooldown_bars"": 3, ""ema_distance_min"": 0.003, ""ema_filter"": true, ""ema_length"": 200, ""hull_length"": 8, ""rsi_filter"": false, ""slope_filter"": true, ""volume_ratio_min"": 1.2}"
B-TAO_USDT-1790337600000-1,2026-09-25T12:05:03.837579+00:00,2026-09-25T12:00:00+00:00,B-TAO_USDT,LONG,1,LONG,92.0,REJECTED,DAILY_LOSS_LOCK,308.49,308.48,308.49,0.32416487025271584,TW_FILTERED_PLUS_AI,"{""atr_expansion_min"": 1.1, ""cooldown_bars"": 3, ""ema_distance_min"": 0.003, ""ema_filter"": true, ""ema_length"": 200, ""hull_length"": 8, ""rsi_filter"": false, ""slope_filter"": true, ""volume_ratio_min"": 1.2}"
B-WLD_USDT-1790337900000-1,2026-09-25T12:10:09.657118+00:00,2026-09-25T12:05:00+00:00,B-WLD_USDT,LONG,1,LONG,82.0,REJECTED,DAILY_LOSS_LOCK,0.4598,0.4597,0.4598,2.1750951604130284,TW_FILTERED_PLUS_AI,"{""atr_expansion_min"": 1.1, ""cooldown_bars"": 3, ""ema_distance_min"": 0.003, ""ema_filter"": true, ""ema_length"": 200, ""hull_length"": 8, ""rsi_filter"": false, ""slope_filter"": true, ""volume_ratio_min"": 1.2}"
B-LSK_USDT-1790338200000--1,2026-09-25T12:15:13.746581+00:00,2026-09-25T12:10:00+00:00,B-LSK_USDT,SHORT,-1,SHORT,24.0,REJECTED,DAILY_LOSS_LOCK,0.34424,0.34424,0.34425,0.2904907841801624,TW_FILTERED_PLUS_AI,"{""atr_expansion_min"": 1.1, ""cooldown_bars"": 3, ""ema_distance_min"": 0.003, ""ema_filter"": true, ""ema_length"": 200, ""hull_length"": 8, ""rsi_filter"": false, ""slope_filter"": true, ""volume_ratio_min"": 1.2}"
B-LTC_USDT-1790338500000--1,2026-09-25T12:20:09.186091+00:00,2026-09-25T12:15:00+00:00,B-LTC_USDT,SHORT,-1,SHORT,24.0,REJECTED,DAILY_LOSS_LOCK,69.75,69.75,69.76,1.43358899003729,TW_FILTERED_PLUS_AI,"{""atr_expansion_min"": 1.1, ""cooldown_bars"": 3, ""ema_distance_min"": 0.003, ""ema_filter"": true, ""ema_length"": 200, ""hull_length"": 8, ""rsi_filter"": false, ""slope_filter"": true, ""volume_ratio_min"": 1.2}"
B-WLD_USDT-1790339100000-1,2026-09-25T12:30:01.175322+00:00,2026-09-25T12:25:00+00:00,B-WLD_USDT,LONG,1,LONG,92.0,REJECTED,DAILY_LOSS_LOCK,0.4583,0.4582,0.4583,2.1822149481721547,TW_FILTERED_PLUS_AI,"{""atr_expansion_min"": 1.1, ""cooldown_bars"": 3, ""ema_distance_min"": 0.003, ""ema_filter"": true, ""ema_length"": 200, ""hull_length"": 8, ""rsi_filter"": false, ""slope_filter"": true, ""volume_ratio_min"": 1.2}"
B-ADA_USDT-1790339400000-1,2026-09-25T12:35:13.230091+00:00,2026-09-25T12:30:00+00:00,B-ADA_USDT,LONG,1,LONG,92.0,REJECTED,DAILY_LOSS_LOCK,0.2568,0.2567,0.2568,3.894839337876884,TW_FILTERED_PLUS_AI,"{""atr_expansion_min"": 1.1, ""cooldown_bars"": 3, ""ema_distance_min"": 0.003, ""ema_filter"": true, ""ema_length"": 200, ""hull_length"": 8, ""rsi_filter"": false, ""slope_filter"": true, ""volume_ratio_min"": 1.2}"
B-NEAR_USDT-1790341200000-1,2026-09-25T13:05:01.585808+00:00,2026-09-25T13:00:00+00:00,B-NEAR_USDT,LONG,1,LONG,92.0,REJECTED,DAILY_LOSS_LOCK,5.084,5.083,5.084,1.9671486180770055,TW_FILTERED_PLUS_AI,"{""atr_expansion_min"": 1.1, ""cooldown_bars"": 3, ""ema_distance_min"": 0.003, ""ema_filter"": true, ""ema_length"": 200, ""hull_length"": 8, ""rsi_filter"": false, ""slope_filter"": true, ""volume_ratio_min"": 1.2}"
B-LTC_USDT-1790344800000--1,2026-09-25T14:05:13.059122+00:00,2026-09-25T14:00:00+00:00,B-LTC_USDT,SHORT,-1,SHORT,24.0,REJECTED,DAILY_LOSS_LOCK,69.24,69.24,69.25,1.4441475918846292,TW_FILTERED_PLUS_AI,"{""atr_expansion_min"": 1.1, ""cooldown_bars"": 3, ""ema_distance_min"": 0.003, ""ema_filter"": true, ""ema_length"": 200, ""hull_length"": 8, ""rsi_filter"": false, ""slope_filter"": true, ""volume_ratio_min"": 1.2}"
B-1000PEPE_USDT-1790344800000--1,2026-09-25T14:05:13.539508+00:00,2026-09-25T14:00:00+00:00,B-1000PEPE_USDT,SHORT,-1,SHORT,24.0,REJECTED,DAILY_LOSS_LOCK,0.0044183,0.0044183,0.0044184,0.22632883316231964,TW_FILTERED_PLUS_AI,"{""atr_expansion_min"": 1.1, ""cooldown_bars"": 3, ""ema_distance_min"": 0.003, ""ema_filter"": true, ""ema_length"": 200, ""hull_length"": 8, ""rsi_filter"": false, ""slope_filter"": true, ""volume_ratio_min"": 1.2}"
B-BNB_USDT-1790344800000--1,2026-09-25T14:05:13.889511+00:00,2026-09-25T14:00:00+00:00,B-BNB_USDT,SHORT,-1,SHORT,34.0,REJECTED,DAILY_LOSS_LOCK,769.84,769.84,769.85,0.12989627782204086,TW_FILTERED_PLUS_AI,"{""atr_expansion_min"": 1.1, ""cooldown_bars"": 3, ""ema_distance_min"": 0.003, ""ema_filter"": true, ""ema_length"": 200, ""hull_length"": 8, ""rsi_filter"": false, ""slope_filter"": true, ""volume_ratio_min"": 1.2}"
B-TAO_USDT-1790344800000--1,2026-09-25T14:05:14.233955+00:00,2026-09-25T14:00:00+00:00,B-TAO_USDT,SHORT,-1,SHORT,24.0,REJECTED,DAILY_LOSS_LOCK,298.15,298.15,298.18,1.00615431053375,TW_FILTERED_PLUS_AI,"{""atr_expansion_min"": 1.1, ""cooldown_bars"": 3, ""ema_distance_min"": 0.003, ""ema_filter"": true, ""ema_length"": 200, ""hull_length"": 8, ""rsi_filter"": false, ""slope_filter"": true, ""volume_ratio_min"": 1.2}"
B-ZEC_USDT-1790347200000--1,2026-09-25T14:45:10.637498+00:00,2026-09-25T14:40:00+00:00,B-ZEC_USDT,SHORT,-1,SHORT,24.0,REJECTED,DAILY_LOSS_LOCK,1559.76,1559.76,1559.77,0.06411222203338905,TW_FILTERED_PLUS_AI,"{""atr_expansion_min"": 1.1, ""cooldown_bars"": 3, ""ema_distance_min"": 0.003, ""ema_filter"": true, ""ema_length"": 200, ""hull_length"": 8, ""rsi_filter"": false, ""slope_filter"": true, ""volume_ratio_min"": 1.2}"
B-ONDO_USDT-1790347500000--1,2026-09-25T14:50:38.586273+00:00,2026-09-25T14:45:00+00:00,B-ONDO_USDT,SHORT,-1,SHORT,24.0,REJECTED,DAILY_LOSS_LOCK,0.537,0.537,0.5371,1.8620240201096543,TW_FILTERED_PLUS_AI,"{""atr_expansion_min"": 1.1, ""cooldown_bars"": 3, ""ema_distance_min"": 0.003, ""ema_filter"": true, ""ema_length"": 200, ""hull_length"": 8, ""rsi_filter"": false, ""slope_filter"": true, ""volume_ratio_min"": 1.2}"
B-LTC_USDT-1790347500000--1,2026-09-25T14:50:38.940624+00:00,2026-09-25T14:45:00+00:00,B-LTC_USDT,SHORT,-1,SHORT,24.0,REJECTED,DAILY_LOSS_LOCK,69.35,69.35,69.36,1.4418571119609425,TW_FILTERED_PLUS_AI,"{""atr_expansion_min"": 1.1, ""cooldown_bars"": 3, ""ema_distance_min"": 0.003, ""ema_filter"": true, ""ema_length"": 200, ""hull_length"": 8, ""rsi_filter"": false, ""slope_filter"": true, ""volume_ratio_min"": 1.2}"
B-XPL_USDT-1790355300000--1,2026-09-25T17:00:16.231120+00:00,2026-09-25T16:55:00+00:00,B-XPL_USDT,SHORT,-1,LONG,92.0,REJECTED,DAILY_LOSS_LOCK,0.11149,0.11149,0.11151,1.793721973093475,TW_FILTERED_PLUS_AI,"{""atr_expansion_min"": 1.1, ""cooldown_bars"": 3, ""ema_distance_min"": 0.003, ""ema_filter"": true, ""ema_length"": 200, ""hull_length"": 8, ""rsi_filter"": false, ""slope_filter"": true, ""volume_ratio_min"": 1.2}"
B-PHA_USDT-1790372700000-1,2026-09-25T21:50:14.199970+00:00,2026-09-25T21:45:00+00:00,B-PHA_USDT,LONG,1,LONG,92.0,REJECTED,DAILY_LOSS_LOCK,0.08811,0.08808,0.08811,3.405414609227353,TW_FILTERED_PLUS_AI,"{""atr_expansion_min"": 1.1, ""cooldown_bars"": 3, ""ema_distance_min"": 0.003, ""ema_filter"": true, ""ema_length"": 200, ""hull_length"": 8, ""rsi_filter"": false, ""slope_filter"": true, ""volume_ratio_min"": 1.2}"
B-WLD_USDT-1790377800000-1,2026-09-25T23:15:06.877088+00:00,2026-09-25T23:10:00+00:00,B-WLD_USDT,LONG,1,LONG,82.0,REJECTED,DAILY_LOSS_LOCK,0.4954,0.4953,0.4954,2.0187746038152614,TW_FILTERED_PLUS_AI,"{""atr_expansion_min"": 1.1, ""cooldown_bars"": 3, ""ema_distance_min"": 0.003, ""ema_filter"": true, ""ema_length"": 200, ""hull_length"": 8, ""rsi_filter"": false, ""slope_filter"": true, ""volume_ratio_min"": 1.2}"
B-ONDO_USDT-1790378100000-1,2026-09-25T23:20:14.983457+00:00,2026-09-25T23:15:00+00:00,B-ONDO_USDT,LONG,1,LONG,92.0,REJECTED,DAILY_LOSS_LOCK,0.5522,0.5521,0.5522,1.8111020556006336,TW_FILTERED_PLUS_AI,"{""atr_expansion_min"": 1.1, ""cooldown_bars"": 3, ""ema_distance_min"": 0.003, ""ema_filter"": true, ""ema_length"": 200, ""hull_length"": 8, ""rsi_filter"": false, ""slope_filter"": true, ""volume_ratio_min"": 1.2}"
B-ADA_USDT-1790378100000-1,2026-09-25T23:20:15.405569+00:00,2026-09-25T23:15:00+00:00,B-ADA_USDT,LONG,1,LONG,92.0,REJECTED,DAILY_LOSS_LOCK,0.2585,0.2584,0.2585,3.8692203520986257,TW_FILTERED_PLUS_AI,"{""atr_expansion_min"": 1.1, ""cooldown_bars"": 3, ""ema_distance_min"": 0.003, ""ema_filter"": true, ""ema_length"": 200, ""hull_length"": 8, ""rsi_filter"": false, ""slope_filter"": true, ""volume_ratio_min"": 1.2}"
B-PHA_USDT-1790380200000-1,2026-09-25T23:55:01.839488+00:00,2026-09-25T23:50:00+00:00,B-PHA_USDT,LONG,1,NO TRADE,48.0,REJECTED,DAILY_LOSS_LOCK,0.08573,0.08571,0.08573,2.3331777881481712,TW_FILTERED_PLUS_AI,"{""atr_expansion_min"": 1.1, ""cooldown_bars"": 3, ""ema_distance_min"": 0.003, ""ema_filter"": true, ""ema_length"": 200, ""hull_length"": 8, ""rsi_filter"": false, ""slope_filter"": true, ""volume_ratio_min"": 1.2}"
B-QNT_USDT-1790380800000-1,2026-09-26T00:05:17.255892+00:00,2026-09-26T00:00:00+00:00,B-QNT_USDT,LONG,1,LONG,92.0,REJECTED,DAILY_LOSS_LOCK,99.42,99.41,99.42,1.005884423880211,TW_FILTERED_PLUS_AI,"{""atr_expansion_min"": 1.1, ""cooldown_bars"": 3, ""ema_distance_min"": 0.003, ""ema_filter"": true, ""ema_length"": 200, ""hull_length"": 8, ""rsi_filter"": false, ""slope_filter"": true, ""volume_ratio_min"": 1.2}"
B-WLD_USDT-1790381100000-1,2026-09-26T00:10:03.040338+00:00,2026-09-26T00:05:00+00:00,B-WLD_USDT,LONG,1,LONG,82.0,REJECTED,DAILY_LOSS_LOCK,0.5054,0.5053,0.5054,1.9788265558521618,TW_FILTERED_PLUS_AI,"{""atr_expansion_min"": 1.1, ""cooldown_bars"": 3, ""ema_distance_min"": 0.003, ""ema_filter"": true, ""ema_length"": 200, ""hull_length"": 8, ""rsi_filter"": false, ""slope_filter"": true, ""volume_ratio_min"": 1.2}"
B-XPL_USDT-1790381400000-1,2026-09-26T00:15:06.372883+00:00,2026-09-26T00:10:00+00:00,B-XPL_USDT,LONG,1,LONG,92.0,REJECTED,DAILY_LOSS_LOCK,0.11585,0.11582,0.11585,2.5898907929372275,TW_FILTERED_PLUS_AI,"{""atr_expansion_min"": 1.1, ""cooldown_bars"": 3, ""ema_distance_min"": 0.003, ""ema_filter"": true, ""ema_length"": 200, ""hull_length"": 8, ""rsi_filter"": false, ""slope_filter"": true, ""volume_ratio_min"": 1.2}"
B-LINK_USDT-1790383500000-1,2026-09-26T00:50:55.528355+00:00,2026-09-26T00:45:00+00:00,B-LINK_USDT,LONG,1,LONG,92.0,REJECTED,DAILY_LOSS_LOCK,14.019,14.018,14.019,0.7133430823550635,TW_FILTERED_PLUS_AI,"{""atr_expansion_min"": 1.1, ""cooldown_bars"": 3, ""ema_distance_min"": 0.003, ""ema_filter"": true, ""ema_length"": 200, ""hull_length"": 8, ""rsi_filter"": false, ""slope_filter"": true, ""volume_ratio_min"": 1.2}"
B-UNI_USDT-1790384400000-1,2026-09-26T01:05:12.405328+00:00,2026-09-26T01:00:00+00:00,B-UNI_USDT,LONG,1,SHORT,24.0,REJECTED,DAILY_LOSS_LOCK,9.578,9.577,9.578,1.0441138084045374,TW_FILTERED_PLUS_AI,"{""atr_expansion_min"": 1.1, ""cooldown_bars"": 3, ""ema_distance_min"": 0.003, ""ema_filter"": true, ""ema_length"": 200, ""hull_length"": 8, ""rsi_filter"": false, ""slope_filter"": true, ""volume_ratio_min"": 1.2}"
B-QNT_USDT-1790384700000-1,2026-09-26T01:10:09.296097+00:00,2026-09-26T01:05:00+00:00,B-QNT_USDT,LONG,1,LONG,92.0,REJECTED,DAILY_LOSS_LOCK,98.97,98.96,98.97,1.0104582428136326,TW_FILTERED_PLUS_AI,"{""atr_expansion_min"": 1.1, ""cooldown_bars"": 3, ""ema_distance_min"": 0.003, ""ema_filter"": true, ""ema_length"": 200, ""hull_length"": 8, ""rsi_filter"": false, ""slope_filter"": true, ""volume_ratio_min"": 1.2}"
B-SAGA_USDT-1790387400000--1,2026-09-26T01:55:46.649902+00:00,2026-09-26T01:50:00+00:00,B-SAGA_USDT,SHORT,-1,SHORT,24.0,REJECTED,DAILY_LOSS_LOCK,0.03418,0.03418,0.03419,2.925259616789856,TW_FILTERED_PLUS_AI,"{""atr_expansion_min"": 1.1, ""cooldown_bars"": 3, ""ema_distance_min"": 0.003, ""ema_filter"": true, ""ema_length"": 200, ""hull_length"": 8, ""rsi_filter"": false, ""slope_filter"": true, ""volume_ratio_min"": 1.2}"
B-QNT_USDT-1790389500000-1,2026-09-26T02:30:17.033972+00:00,2026-09-26T02:25:00+00:00,B-QNT_USDT,LONG,1,LONG,92.0,REJECTED,DAILY_LOSS_LOCK,100.55,100.54,100.55,0.9945795414979268,TW_FILTERED_PLUS_AI,"{""atr_expansion_min"": 1.1, ""cooldown_bars"": 3, ""ema_distance_min"": 0.003, ""ema_filter"": true, ""ema_length"": 200, ""hull_length"": 8, ""rsi_filter"": false, ""slope_filter"": true, ""volume_ratio_min"": 1.2}"
B-LINK_USDT-1790393100000-1,2026-09-26T03:30:07.723028+00:00,2026-09-26T03:25:00+00:00,B-LINK_USDT,LONG,1,LONG,92.0,REJECTED,DAILY_LOSS_LOCK,14.017,14.016,14.017,0.7134448685473874,TW_FILTERED_PLUS_AI,"{""atr_expansion_min"": 1.1, ""cooldown_bars"": 3, ""ema_distance_min"": 0.003, ""ema_filter"": true, ""ema_length"": 200, ""hull_length"": 8, ""rsi_filter"": false, ""slope_filter"": true, ""volume_ratio_min"": 1.2}"
B-LINK_USDT-1790397000000-1,2026-09-26T04:35:04.051311+00:00,2026-09-26T04:30:00+00:00,B-LINK_USDT,LONG,1,LONG,92.0,REJECTED,DAILY_LOSS_LOCK,14.154,14.153,14.154,0.7065390186169115,TW_FILTERED_PLUS_AI,"{""atr_expansion_min"": 1.1, ""cooldown_bars"": 3, ""ema_distance_min"": 0.003, ""ema_filter"": true, ""ema_length"": 200, ""hull_length"": 8, ""rsi_filter"": false, ""slope_filter"": true, ""volume_ratio_min"": 1.2}"
B-ENA_USDT-1790397300000-1,2026-09-26T04:40:10.457168+00:00,2026-09-26T04:35:00+00:00,B-ENA_USDT,LONG,1,LONG,92.0,REJECTED,DAILY_LOSS_LOCK,0.27633,0.27632,0.27633,0.3618926988151633,TW_FILTERED_PLUS_AI,"{""atr_expansion_min"": 1.1, ""cooldown_bars"": 3, ""ema_distance_min"": 0.003, ""ema_filter"": true, ""ema_length"": 200, ""hull_length"": 8, ""rsi_filter"": false, ""slope_filter"": true, ""volume_ratio_min"": 1.2}"
B-WLD_USDT-1790421300000-1,2026-09-26T11:20:32.636892+00:00,2026-09-26T11:15:00+00:00,B-WLD_USDT,LONG,1,LONG,92.0,ACCEPTED,,0.4872,0.4871,0.4872,2.0527558246955664,TW_FILTERED_PLUS_AI,"{""atr_expansion_min"": 1.1, ""cooldown_bars"": 3, ""ema_distance_min"": 0.003, ""ema_filter"": true, ""ema_length"": 200, ""hull_length"": 8, ""rsi_filter"": false, ""slope_filter"": true, ""volume_ratio_min"": 1.2}"
B-BTW_USDT-1790424600000--1,2026-09-26T12:15:03.494342+00:00,2026-09-26T12:10:00+00:00,B-BTW_USDT,SHORT,-1,LONG,68.0,REJECTED,AI_CONFLICT,0.927,0.927,0.9272,2.1572645885015422,TW_FILTERED_PLUS_AI,"{""atr_expansion_min"": 1.1, ""cooldown_bars"": 3, ""ema_distance_min"": 0.003, ""ema_filter"": true, ""ema_length"": 200, ""hull_length"": 8, ""rsi_filter"": false, ""slope_filter"": true, ""volume_ratio_min"": 1.2}"
B-SOL_USDT-1790424900000-1,2026-09-26T12:20:08.371424+00:00,2026-09-26T12:15:00+00:00,B-SOL_USDT,LONG,1,LONG,92.0,ACCEPTED,,121.44,121.43,121.44,0.8234858154560798,TW_FILTERED_PLUS_AI,"{""atr_expansion_min"": 1.1, ""cooldown_bars"": 3, ""ema_distance_min"": 0.003, ""ema_filter"": true, ""ema_length"": 200, ""hull_length"": 8, ""rsi_filter"": false, ""slope_filter"": true, ""volume_ratio_min"": 1.2}"
B-CL_USDT-1790426700000-1,2026-09-26T12:50:01.504609+00:00,2026-09-26T12:45:00+00:00,B-CL_USDT,LONG,1,LONG,92.0,REJECTED,POSITION_ALREADY_OPEN,94.41,94.4,94.41,1.0592659287104396,TW_FILTERED_PLUS_AI,"{""atr_expansion_min"": 1.1, ""cooldown_bars"": 3, ""ema_distance_min"": 0.003, ""ema_filter"": true, ""ema_length"": 200, ""hull_length"": 8, ""rsi_filter"": false, ""slope_filter"": true, ""volume_ratio_min"": 1.2}"
B-XRP_USDT-1790428500000--1,2026-09-26T13:20:01.565107+00:00,2026-09-26T13:15:00+00:00,B-XRP_USDT,SHORT,-1,SHORT,24.0,ACCEPTED,,1.5392,1.5392,1.5393,0.6496670456390384,TW_FILTERED_PLUS_AI,"{""atr_expansion_min"": 1.1, ""cooldown_bars"": 3, ""ema_distance_min"": 0.003, ""ema_filter"": true, ""ema_length"": 200, ""hull_length"": 8, ""rsi_filter"": false, ""slope_filter"": true, ""volume_ratio_min"": 1.2}"
B-BTW_USDT-1790432100000--1,2026-09-26T14:20:09.405750+00:00,2026-09-26T14:15:00+00:00,B-BTW_USDT,SHORT,-1,NO TRADE,48.0,REJECTED,POSITION_ALREADY_OPEN,0.8937,0.8937,0.8938,1.1188811188809955,TW_FILTERED_PLUS_AI,"{""atr_expansion_min"": 1.1, ""cooldown_bars"": 3, ""ema_distance_min"": 0.003, ""ema_filter"": true, ""ema_length"": 200, ""hull_length"": 8, ""rsi_filter"": false, ""slope_filter"": true, ""volume_ratio_min"": 1.2}"
B-BZ_USDT-1790433600000-1,2026-09-26T14:45:01.760451+00:00,2026-09-26T14:40:00+00:00,B-BZ_USDT,LONG,1,LONG,92.0,REJECTED,POSITION_ALREADY_OPEN,99.3,99.29,99.3,1.007100055389587,TW_FILTERED_PLUS_AI,"{""atr_expansion_min"": 1.1, ""cooldown_bars"": 3, ""ema_distance_min"": 0.003, ""ema_filter"": true, ""ema_length"": 200, ""hull_length"": 8, ""rsi_filter"": false, ""slope_filter"": true, ""volume_ratio_min"": 1.2}"
B-CL_USDT-1790433600000-1,2026-09-26T14:45:25.622899+00:00,2026-09-26T14:40:00+00:00,B-CL_USDT,LONG,1,LONG,92.0,REJECTED,POSITION_ALREADY_OPEN,94.47,94.46,94.47,1.0585931297311295,TW_FILTERED_PLUS_AI,"{""atr_expansion_min"": 1.1, ""cooldown_bars"": 3, ""ema_distance_min"": 0.003, ""ema_filter"": true, ""ema_length"": 200, ""hull_length"": 8, ""rsi_filter"": false, ""slope_filter"": true, ""volume_ratio_min"": 1.2}"
B-HYPE_USDT-1790436600000-1,2026-09-26T15:35:33.222929+00:00,2026-09-26T15:30:00+00:00,B-HYPE_USDT,LONG,1,LONG,92.0,ACCEPTED,,92.416,92.415,92.416,0.10820695662422038,TW_FILTERED_PLUS_AI,"{""atr_expansion_min"": 1.1, ""cooldown_bars"": 3, ""ema_distance_min"": 0.003, ""ema_filter"": true, ""ema_length"": 200, ""hull_length"": 8, ""rsi_filter"": false, ""slope_filter"": true, ""volume_ratio_min"": 1.2}"
B-ETH_USDT-1790454900000--1,2026-09-26T20:40:50.521859+00:00,2026-09-26T20:35:00+00:00,B-ETH_USDT,SHORT,-1,SHORT,34.0,ACCEPTED,,2672.27,2672.27,2672.28,0.037421298332762455,TW_FILTERED_PLUS_AI,"{""atr_expansion_min"": 1.1, ""cooldown_bars"": 3, ""ema_distance_min"": 0.003, ""ema_filter"": true, ""ema_length"": 200, ""hull_length"": 8, ""rsi_filter"": false, ""slope_filter"": true, ""volume_ratio_min"": 1.2}"
B-XRP_USDT-1790454900000--1,2026-09-26T20:40:52.136427+00:00,2026-09-26T20:35:00+00:00,B-XRP_USDT,SHORT,-1,SHORT,34.0,REJECTED,POSITION_ALREADY_OPEN,1.5102,1.5102,1.5103,0.6621420294652474,TW_FILTERED_PLUS_AI,"{""atr_expansion_min"": 1.1, ""cooldown_bars"": 3, ""ema_distance_min"": 0.003, ""ema_filter"": true, ""ema_length"": 200, ""hull_length"": 8, ""rsi_filter"": false, ""slope_filter"": true, ""volume_ratio_min"": 1.2}"
B-DOGE_USDT-1790454900000--1,2026-09-26T20:40:55.224173+00:00,2026-09-26T20:35:00+00:00,B-DOGE_USDT,SHORT,-1,SHORT,34.0,REJECTED,POSITION_ALREADY_OPEN,0.09574,0.09574,0.09575,1.044440962974163,TW_FILTERED_PLUS_AI,"{""atr_expansion_min"": 1.1, ""cooldown_bars"": 3, ""ema_distance_min"": 0.003, ""ema_filter"": true, ""ema_length"": 200, ""hull_length"": 8, ""rsi_filter"": false, ""slope_filter"": true, ""volume_ratio_min"": 1.2}"
B-1000PEPE_USDT-1790454900000--1,2026-09-26T20:41:01.022482+00:00,2026-09-26T20:35:00+00:00,B-1000PEPE_USDT,SHORT,-1,SHORT,34.0,REJECTED,POSITION_ALREADY_OPEN,0.0042759,0.0042759,0.0042764,1.1692761011649093,TW_FILTERED_PLUS_AI,"{""atr_expansion_min"": 1.1, ""cooldown_bars"": 3, ""ema_distance_min"": 0.003, ""ema_filter"": true, ""ema_length"": 200, ""hull_length"": 8, ""rsi_filter"": false, ""slope_filter"": true, ""volume_ratio_min"": 1.2}"
B-PUMP_USDT-1790454900000--1,2026-09-26T20:41:03.139969+00:00,2026-09-26T20:35:00+00:00,B-PUMP_USDT,SHORT,-1,SHORT,24.0,REJECTED,POSITION_ALREADY_OPEN,0.004332,0.004332,0.004333,2.308136180034929,TW_FILTERED_PLUS_AI,"{""atr_expansion_min"": 1.1, ""cooldown_bars"": 3, ""ema_distance_min"": 0.003, ""ema_filter"": true, ""ema_length"": 200, ""hull_length"": 8, ""rsi_filter"": false, ""slope_filter"": true, ""volume_ratio_min"": 1.2}"
B-SOL_USDT-1790455200000--1,2026-09-26T20:45:03.277751+00:00,2026-09-26T20:40:00+00:00,B-SOL_USDT,SHORT,-1,SHORT,24.0,REJECTED,POSITION_ALREADY_OPEN,120.49,120.49,120.5,0.829909954770332,TW_FILTERED_PLUS_AI,"{""atr_expansion_min"": 1.1, ""cooldown_bars"": 3, ""ema_distance_min"": 0.003, ""ema_filter"": true, ""ema_length"": 200, ""hull_length"": 8, ""rsi_filter"": false, ""slope_filter"": true, ""volume_ratio_min"": 1.2}"
B-ZEC_USDT-1790456100000-1,2026-09-26T21:00:15.420715+00:00,2026-09-26T20:55:00+00:00,B-ZEC_USDT,LONG,1,LONG,92.0,REJECTED,POSITION_ALREADY_OPEN,1581.63,1581.62,1581.63,0.06322611238579486,TW_FILTERED_PLUS_AI,"{""atr_expansion_min"": 1.1, ""cooldown_bars"": 3, ""ema_distance_min"": 0.003, ""ema_filter"": true, ""ema_length"": 200, ""hull_length"": 8, ""rsi_filter"": false, ""slope_filter"": true, ""volume_ratio_min"": 1.2}"
B-AVAX_USDT-1790459100000--1,2026-09-26T21:50:03.506259+00:00,2026-09-26T21:45:00+00:00,B-AVAX_USDT,SHORT,-1,SHORT,24.0,ACCEPTED,,10.705,10.705,10.706,0.9340992947545147,TW_FILTERED_PLUS_AI,"{""atr_expansion_min"": 1.1, ""cooldown_bars"": 3, ""ema_distance_min"": 0.003, ""ema_filter"": true, ""ema_length"": 200, ""hull_length"": 8, ""rsi_filter"": false, ""slope_filter"": true, ""volume_ratio_min"": 1.2}"
B-BTW_USDT-1790463600000--1,2026-09-26T23:05:02.094003+00:00,2026-09-26T23:00:00+00:00,B-BTW_USDT,SHORT,-1,SHORT,34.0,ACCEPTED,,1.0026,1.0026,1.0027,0.9973570039394503,TW_FILTERED_PLUS_AI,"{""atr_expansion_min"": 1.1, ""cooldown_bars"": 3, ""ema_distance_min"": 0.003, ""ema_filter"": true, ""ema_length"": 200, ""hull_length"": 8, ""rsi_filter"": false, ""slope_filter"": true, ""volume_ratio_min"": 1.2}"
B-BTW_USDT-1790467200000-1,2026-09-27T00:05:10.177918+00:00,2026-09-27T00:00:00+00:00,B-BTW_USDT,LONG,1,SHORT,24.0,REJECTED,AI_CONFLICT,1.0077,1.0076,1.0077,0.9924080782016473,TW_FILTERED_PLUS_AI,"{""atr_expansion_min"": 1.1, ""cooldown_bars"": 3, ""ema_distance_min"": 0.003, ""ema_filter"": true, ""ema_length"": 200, ""hull_length"": 8, ""rsi_filter"": false, ""slope_filter"": true, ""volume_ratio_min"": 1.2}"
B-RARE_USDT-1790470200000--1,2026-09-27T00:55:10.132095+00:00,2026-09-27T00:50:00+00:00,B-RARE_USDT,SHORT,-1,SHORT,34.0,ACCEPTED,,0.0199,0.0199,0.01991,5.023863350916651,TW_FILTERED_PLUS_AI,"{""atr_expansion_min"": 1.1, ""cooldown_bars"": 3, ""ema_distance_min"": 0.003, ""ema_filter"": true, ""ema_length"": 200, ""hull_length"": 8, ""rsi_filter"": false, ""slope_filter"": true, ""volume_ratio_min"": 1.2}"
B-SUI_USDT-1790472600000-1,2026-09-27T01:35:04.860588+00:00,2026-09-27T01:30:00+00:00,B-SUI_USDT,LONG,1,LONG,92.0,ACCEPTED,,1.1698,1.1697,1.1698,0.854883522120017,TW_FILTERED_PLUS_AI,"{""atr_expansion_min"": 1.1, ""cooldown_bars"": 3, ""ema_distance_min"": 0.003, ""ema_filter"": true, ""ema_length"": 200, ""hull_length"": 8, ""rsi_filter"": false, ""slope_filter"": true, ""volume_ratio_min"": 1.2}"
B-LTC_USDT-1790473800000--1,2026-09-27T01:55:07.268526+00:00,2026-09-27T01:50:00+00:00,B-LTC_USDT,SHORT,-1,SHORT,24.0,REJECTED,POSITION_ALREADY_OPEN,71.91,71.91,71.92,1.3905304873816475,TW_FILTERED_PLUS_AI,"{""atr_expansion_min"": 1.1, ""cooldown_bars"": 3, ""ema_distance_min"": 0.003, ""ema_filter"": true, ""ema_length"": 200, ""hull_length"": 8, ""rsi_filter"": false, ""slope_filter"": true, ""volume_ratio_min"": 1.2}"
B-PHA_USDT-1790476800000--1,2026-09-27T02:45:10.496311+00:00,2026-09-27T02:40:00+00:00,B-PHA_USDT,SHORT,-1,SHORT,34.0,ACCEPTED,,0.07389,0.07389,0.07391,2.70635994587363,TW_FILTERED_PLUS_AI,"{""atr_expansion_min"": 1.1, ""cooldown_bars"": 3, ""ema_distance_min"": 0.003, ""ema_filter"": true, ""ema_length"": 200, ""hull_length"": 8, ""rsi_filter"": false, ""slope_filter"": true, ""volume_ratio_min"": 1.2}"
B-MUBARAK_USDT-1790478900000--1,2026-09-27T03:20:50.867435+00:00,2026-09-27T03:15:00+00:00,B-MUBARAK_USDT,SHORT,-1,SHORT,24.0,ACCEPTED,,0.05684,0.05684,0.05685,1.7591696719141743,TW_FILTERED_PLUS_AI,"{""atr_expansion_min"": 1.1, ""cooldown_bars"": 3, ""ema_distance_min"": 0.003, ""ema_filter"": true, ""ema_length"": 200, ""hull_length"": 8, ""rsi_filter"": false, ""slope_filter"": true, ""volume_ratio_min"": 1.2}"
B-FIL_USDT-1790479200000-1,2026-09-27T03:25:13.769496+00:00,2026-09-27T03:20:00+00:00,B-FIL_USDT,LONG,1,LONG,92.0,ACCEPTED,,1.148,1.1479,1.148,0.8711180800556557,TW_FILTERED_PLUS_AI,"{""atr_expansion_min"": 1.1, ""cooldown_bars"": 3, ""ema_distance_min"": 0.003, ""ema_filter"": true, ""ema_length"": 200, ""hull_length"": 8, ""rsi_filter"": false, ""slope_filter"": true, ""volume_ratio_min"": 1.2}"
B-RARE_USDT-1790487300000--1,2026-09-27T05:40:08.463703+00:00,2026-09-27T05:35:00+00:00,B-RARE_USDT,SHORT,-1,LONG,92.0,REJECTED,AI_CONFLICT,0.02072,0.02072,0.02073,4.825090470446124,TW_FILTERED_PLUS_AI,"{""atr_expansion_min"": 1.1, ""cooldown_bars"": 3, ""ema_distance_min"": 0.003, ""ema_filter"": true, ""ema_length"": 200, ""hull_length"": 8, ""rsi_filter"": false, ""slope_filter"": true, ""volume_ratio_min"": 1.2}"
B-PUMP_USDT-1790489700000-1,2026-09-27T06:20:04.269707+00:00,2026-09-27T06:15:00+00:00,B-PUMP_USDT,LONG,1,LONG,92.0,ACCEPTED,,0.004441,0.00444,0.004441,2.251998648799156,TW_FILTERED_PLUS_AI,"{""atr_expansion_min"": 1.1, ""cooldown_bars"": 3, ""ema_distance_min"": 0.003, ""ema_filter"": true, ""ema_length"": 200, ""hull_length"": 8, ""rsi_filter"": false, ""slope_filter"": true, ""volume_ratio_min"": 1.2}"
B-XRP_USDT-1790490600000--1,2026-09-27T06:35:29.427499+00:00,2026-09-27T06:30:00+00:00,B-XRP_USDT,SHORT,-1,LONG,92.0,REJECTED,POSITION_ALREADY_OPEN,1.5206,1.5206,1.5207,0.6576135205339098,TW_FILTERED_PLUS_AI,"{""atr_expansion_min"": 1.1, ""cooldown_bars"": 3, ""ema_distance_min"": 0.003, ""ema_filter"": true, ""ema_length"": 200, ""hull_length"": 8, ""rsi_filter"": false, ""slope_filter"": true, ""volume_ratio_min"": 1.2}"
B-UNI_USDT-1790490900000-1,2026-09-27T06:40:43.276559+00:00,2026-09-27T06:35:00+00:00,B-UNI_USDT,LONG,1,LONG,82.0,REJECTED,POSITION_ALREADY_OPEN,10.192,10.191,10.192,0.98120983172197,TW_FILTERED_PLUS_AI,"{""atr_expansion_min"": 1.1, ""cooldown_bars"": 3, ""ema_distance_min"": 0.003, ""ema_filter"": true, ""ema_length"": 200, ""hull_length"": 8, ""rsi_filter"": false, ""slope_filter"": true, ""volume_ratio_min"": 1.2}"
B-ARB_USDT-1790490900000-1,2026-09-27T06:40:47.072622+00:00,2026-09-27T06:35:00+00:00,B-ARB_USDT,LONG,1,LONG,92.0,REJECTED,POSITION_ALREADY_OPEN,0.2296,0.22958,0.2296,0.8711180800554138,TW_FILTERED_PLUS_AI,"{""atr_expansion_min"": 1.1, ""cooldown_bars"": 3, ""ema_distance_min"": 0.003, ""ema_filter"": true, ""ema_length"": 200, ""hull_length"": 8, ""rsi_filter"": false, ""slope_filter"": true, ""volume_ratio_min"": 1.2}"
B-ONDO_USDT-1790493900000-1,2026-09-27T07:30:15.193320+00:00,2026-09-27T07:25:00+00:00,B-ONDO_USDT,LONG,1,LONG,92.0,ACCEPTED,,0.5434,0.5433,0.5434,1.8404343425046283,TW_FILTERED_PLUS_AI,"{""atr_expansion_min"": 1.1, ""cooldown_bars"": 3, ""ema_distance_min"": 0.003, ""ema_filter"": true, ""ema_length"": 200, ""hull_length"": 8, ""rsi_filter"": false, ""slope_filter"": true, ""volume_ratio_min"": 1.2}"
B-TAO_USDT-1790495400000-1,2026-09-27T07:55:02.148066+00:00,2026-09-27T07:50:00+00:00,B-TAO_USDT,LONG,1,LONG,92.0,REJECTED,POSITION_ALREADY_OPEN,330.96,330.95,330.96,0.3021558822193623,TW_FILTERED_PLUS_AI,"{""atr_expansion_min"": 1.1, ""cooldown_bars"": 3, ""ema_distance_min"": 0.003, ""ema_filter"": true, ""ema_length"": 200, ""hull_length"": 8, ""rsi_filter"": false, ""slope_filter"": true, ""volume_ratio_min"": 1.2}"
B-BNB_USDT-1790497500000-1,2026-09-27T08:30:26.983424+00:00,2026-09-27T08:25:00+00:00,B-BNB_USDT,LONG,1,LONG,82.0,REJECTED,DAILY_LOSS_LOCK,779.33,779.32,779.33,0.1283161710453393,TW_FILTERED_PLUS_AI,"{""atr_expansion_min"": 1.1, ""cooldown_bars"": 3, ""ema_distance_min"": 0.003, ""ema_filter"": true, ""ema_length"": 200, ""hull_length"": 8, ""rsi_filter"": false, ""slope_filter"": true, ""volume_ratio_min"": 1.2}"
B-ETH_USDT-1790497800000-1,2026-09-27T08:35:58.337926+00:00,2026-09-27T08:30:00+00:00,B-ETH_USDT,LONG,1,LONG,92.0,REJECTED,DAILY_LOSS_LOCK,2716.84,2716.83,2716.84,0.03680753523941748,TW_FILTERED_PLUS_AI,"{""atr_expansion_min"": 1.1, ""cooldown_bars"": 3, ""ema_distance_min"": 0.003, ""ema_filter"": true, ""ema_length"": 200, ""hull_length"": 8, ""rsi_filter"": false, ""slope_filter"": true, ""volume_ratio_min"": 1.2}"
B-DOGE_USDT-1790497800000-1,2026-09-27T08:35:58.857039+00:00,2026-09-27T08:30:00+00:00,B-DOGE_USDT,LONG,1,LONG,82.0,REJECTED,DAILY_LOSS_LOCK,0.09818,0.09817,0.09818,1.0185892538843904,TW_FILTERED_PLUS_AI,"{""atr_expansion_min"": 1.1, ""cooldown_bars"": 3, ""ema_distance_min"": 0.003, ""ema_filter"": true, ""ema_length"": 200, ""hull_length"": 8, ""rsi_filter"": false, ""slope_filter"": true, ""volume_ratio_min"": 1.2}"
B-PHA_USDT-1790498400000--1,2026-09-27T08:45:11.592211+00:00,2026-09-27T08:40:00+00:00,B-PHA_USDT,SHORT,-1,SHORT,24.0,REJECTED,DAILY_LOSS_LOCK,0.07086,0.07086,0.07087,1.41113384604475,TW_FILTERED_PLUS_AI,"{""atr_expansion_min"": 1.1, ""cooldown_bars"": 3, ""ema_distance_min"": 0.003, ""ema_filter"": true, ""ema_length"": 200, ""hull_length"": 8, ""rsi_filter"": false, ""slope_filter"": true, ""volume_ratio_min"": 1.2}"
B-AVAX_USDT-1790499600000-1,2026-09-27T09:05:07.093156+00:00,2026-09-27T09:00:00+00:00,B-AVAX_USDT,LONG,1,LONG,92.0,REJECTED,DAILY_LOSS_LOCK,11.209,11.208,11.209,0.8921800419319674,TW_FILTERED_PLUS_AI,"{""atr_expansion_min"": 1.1, ""cooldown_bars"": 3, ""ema_distance_min"": 0.003, ""ema_filter"": true, ""ema_length"": 200, ""hull_length"": 8, ""rsi_filter"": false, ""slope_filter"": true, ""volume_ratio_min"": 1.2}"
B-WLD_USDT-1790500500000-1,2026-09-27T09:20:06.710403+00:00,2026-09-27T09:15:00+00:00,B-WLD_USDT,LONG,1,LONG,92.0,REJECTED,DAILY_LOSS_LOCK,0.5514,0.5513,0.5514,1.8137299356123875,TW_FILTERED_PLUS_AI,"{""atr_expansion_min"": 1.1, ""cooldown_bars"": 3, ""ema_distance_min"": 0.003, ""ema_filter"": true, ""ema_length"": 200, ""hull_length"": 8, ""rsi_filter"": false, ""slope_filter"": true, ""volume_ratio_min"": 1.2}"
B-HYPE_USDT-1790503800000-1,2026-09-27T10:15:13.770029+00:00,2026-09-27T10:10:00+00:00,B-HYPE_USDT,LONG,1,LONG,92.0,REJECTED,DAILY_LOSS_LOCK,93.523,93.522,93.523,0.10692614076725535,TW_FILTERED_PLUS_AI,"{""atr_expansion_min"": 1.1, ""cooldown_bars"": 3, ""ema_distance_min"": 0.003, ""ema_filter"": true, ""ema_length"": 200, ""hull_length"": 8, ""rsi_filter"": false, ""slope_filter"": true, ""volume_ratio_min"": 1.2}"
B-BTW_USDT-1790505000000-1,2026-09-27T10:35:15.358354+00:00,2026-09-27T10:30:00+00:00,B-BTW_USDT,LONG,1,LONG,92.0,REJECTED,DAILY_LOSS_LOCK,1.1165,1.1164,1.1165,0.8956961798556944,TW_FILTERED_PLUS_AI,"{""atr_expansion_min"": 1.1, ""cooldown_bars"": 3, ""ema_distance_min"": 0.003, ""ema_filter"": true, ""ema_length"": 200, ""hull_length"": 8, ""rsi_filter"": false, ""slope_filter"": true, ""volume_ratio_min"": 1.2}"
B-BTW_USDT-1790506200000-1,2026-09-27T10:55:06.428255+00:00,2026-09-27T10:50:00+00:00,B-BTW_USDT,LONG,1,LONG,92.0,REJECTED,DAILY_LOSS_LOCK,1.1154,1.1151,1.1154,2.6899798251510147,TW_FILTERED_PLUS_AI,"{""atr_expansion_min"": 1.1, ""cooldown_bars"": 3, ""ema_distance_min"": 0.003, ""ema_filter"": true, ""ema_length"": 200, ""hull_length"": 8, ""rsi_filter"": false, ""slope_filter"": true, ""volume_ratio_min"": 1.2}"
B-ENA_USDT-1790510700000-1,2026-09-27T12:10:05.019813+00:00,2026-09-27T12:05:00+00:00,B-ENA_USDT,LONG,1,LONG,92.0,REJECTED,DAILY_LOSS_LOCK,0.27674,0.27673,0.27674,0.3613565324230763,TW_FILTERED_PLUS_AI,"{""atr_expansion_min"": 1.1, ""cooldown_bars"": 3, ""ema_distance_min"": 0.003, ""ema_filter"": true, ""ema_length"": 200, ""hull_length"": 8, ""rsi_filter"": false, ""slope_filter"": true, ""volume_ratio_min"": 1.2}"
B-RARE_USDT-1790512500000--1,2026-09-27T12:40:03.648062+00:00,2026-09-27T12:35:00+00:00,B-RARE_USDT,SHORT,-1,LONG,92.0,REJECTED,DAILY_LOSS_LOCK,0.02003,0.02003,0.02004,4.991265285749735,TW_FILTERED_PLUS_AI,"{""atr_expansion_min"": 1.1, ""cooldown_bars"": 3, ""ema_distance_min"": 0.003, ""ema_filter"": true, ""ema_length"": 200, ""hull_length"": 8, ""rsi_filter"": false, ""slope_filter"": true, ""volume_ratio_min"": 1.2}"
B-BNB_USDT-1790515500000-1,2026-09-27T13:30:04.698733+00:00,2026-09-27T13:25:00+00:00,B-BNB_USDT,LONG,1,LONG,92.0,REJECTED,DAILY_LOSS_LOCK,780.54,780.53,780.54,0.1281172529097466,TW_FILTERED_PLUS_AI,"{""atr_expansion_min"": 1.1, ""cooldown_bars"": 3, ""ema_distance_min"": 0.003, ""ema_filter"": true, ""ema_length"": 200, ""hull_length"": 8, ""rsi_filter"": false, ""slope_filter"": true, ""volume_ratio_min"": 1.2}"
B-ZEC_USDT-1790515800000-1,2026-09-27T13:35:10.090714+00:00,2026-09-27T13:30:00+00:00,B-ZEC_USDT,LONG,1,LONG,68.0,REJECTED,DAILY_LOSS_LOCK,1657.49,1657.48,1657.49,0.0603323710319605,TW_FILTERED_PLUS_AI,"{""atr_expansion_min"": 1.1, ""cooldown_bars"": 3, ""ema_distance_min"": 0.003, ""ema_filter"": true, ""ema_length"": 200, ""hull_length"": 8, ""rsi_filter"": false, ""slope_filter"": true, ""volume_ratio_min"": 1.2}"
B-SOL_USDT-1790515800000-1,2026-09-27T13:35:10.354995+00:00,2026-09-27T13:30:00+00:00,B-SOL_USDT,LONG,1,SHORT,24.0,REJECTED,DAILY_LOSS_LOCK,123.27,123.26,123.27,0.8112602928642278,TW_FILTERED_PLUS_AI,"{""atr_expansion_min"": 1.1, ""cooldown_bars"": 3, ""ema_distance_min"": 0.003, ""ema_filter"": true, ""ema_length"": 200, ""hull_length"": 8, ""rsi_filter"": false, ""slope_filter"": true, ""volume_ratio_min"": 1.2}"
B-SUI_USDT-1790515800000-1,2026-09-27T13:35:10.664749+00:00,2026-09-27T13:30:00+00:00,B-SUI_USDT,LONG,1,LONG,92.0,REJECTED,DAILY_LOSS_LOCK,1.2544,1.2543,1.2544,0.797225654721481,TW_FILTERED_PLUS_AI,"{""atr_expansion_min"": 1.1, ""cooldown_bars"": 3, ""ema_distance_min"": 0.003, ""ema_filter"": true, ""ema_length"": 200, ""hull_length"": 8, ""rsi_filter"": false, ""slope_filter"": true, ""volume_ratio_min"": 1.2}"
B-DOGE_USDT-1790515800000-1,2026-09-27T13:35:10.946545+00:00,2026-09-27T13:30:00+00:00,B-DOGE_USDT,LONG,1,NO TRADE,48.0,REJECTED,DAILY_LOSS_LOCK,0.09769,0.09768,0.09769,1.023698623124955,TW_FILTERED_PLUS_AI,"{""atr_expansion_min"": 1.1, ""cooldown_bars"": 3, ""ema_distance_min"": 0.003, ""ema_filter"": true, ""ema_length"": 200, ""hull_length"": 8, ""rsi_filter"": false, ""slope_filter"": true, ""volume_ratio_min"": 1.2}"
B-UNI_USDT-1790516400000--1,2026-09-27T13:45:01.723746+00:00,2026-09-27T13:40:00+00:00,B-UNI_USDT,SHORT,-1,SHORT,24.0,REJECTED,DAILY_LOSS_LOCK,9.78,9.78,9.781,1.02244261540946,TW_FILTERED_PLUS_AI,"{""atr_expansion_min"": 1.1, ""cooldown_bars"": 3, ""ema_distance_min"": 0.003, ""ema_filter"": true, ""ema_length"": 200, ""hull_length"": 8, ""rsi_filter"": false, ""slope_filter"": true, ""volume_ratio_min"": 1.2}"
B-SUI_USDT-1790520300000-1,2026-09-27T14:50:02.353840+00:00,2026-09-27T14:45:00+00:00,B-SUI_USDT,LONG,1,SHORT,24.0,REJECTED,DAILY_LOSS_LOCK,1.2409,1.2408,1.2409,0.8058991820122414,TW_FILTERED_PLUS_AI,"{""atr_expansion_min"": 1.1, ""cooldown_bars"": 3, ""ema_distance_min"": 0.003, ""ema_filter"": true, ""ema_length"": 200, ""hull_length"": 8, ""rsi_filter"": false, ""slope_filter"": true, ""volume_ratio_min"": 1.2}"
B-PUMP_USDT-1790520300000-1,2026-09-27T14:50:02.727553+00:00,2026-09-27T14:45:00+00:00,B-PUMP_USDT,LONG,1,LONG,92.0,REJECTED,DAILY_LOSS_LOCK,0.004786,0.004785,0.004786,2.089645805036324,TW_FILTERED_PLUS_AI,"{""atr_expansion_min"": 1.1, ""cooldown_bars"": 3, ""ema_distance_min"": 0.003, ""ema_filter"": true, ""ema_length"": 200, ""hull_length"": 8, ""rsi_filter"": false, ""slope_filter"": true, ""volume_ratio_min"": 1.2}"
B-ARB_USDT-1790521200000--1,2026-09-27T15:05:12.162335+00:00,2026-09-27T15:00:00+00:00,B-ARB_USDT,SHORT,-1,SHORT,24.0,REJECTED,DAILY_LOSS_LOCK,0.21909,0.21909,0.2191,0.4564230128474975,TW_FILTERED_PLUS_AI,"{""atr_expansion_min"": 1.1, ""cooldown_bars"": 3, ""ema_distance_min"": 0.003, ""ema_filter"": true, ""ema_length"": 200, ""hull_length"": 8, ""rsi_filter"": false, ""slope_filter"": true, ""volume_ratio_min"": 1.2}"
B-HYPE_USDT-1790522700000--1,2026-09-27T15:30:53.218891+00:00,2026-09-27T15:25:00+00:00,B-HYPE_USDT,SHORT,-1,SHORT,24.0,REJECTED,DAILY_LOSS_LOCK,91.244,91.244,91.245,0.10959564686142999,TW_FILTERED_PLUS_AI,"{""atr_expansion_min"": 1.1, ""cooldown_bars"": 3, ""ema_distance_min"": 0.003, ""ema_filter"": true, ""ema_length"": 200, ""hull_length"": 8, ""rsi_filter"": false, ""slope_filter"": true, ""volume_ratio_min"": 1.2}"
B-UNI_USDT-1790523600000--1,2026-09-27T15:45:03.951898+00:00,2026-09-27T15:40:00+00:00,B-UNI_USDT,SHORT,-1,SHORT,34.0,REJECTED,DAILY_LOSS_LOCK,9.555,9.555,9.556,1.0465177123117009,TW_FILTERED_PLUS_AI,"{""atr_expansion_min"": 1.1, ""cooldown_bars"": 3, ""ema_distance_min"": 0.003, ""ema_filter"": true, ""ema_length"": 200, ""hull_length"": 8, ""rsi_filter"": false, ""slope_filter"": true, ""volume_ratio_min"": 1.2}"
B-ENA_USDT-1790534700000-1,2026-09-27T18:50:13.556144+00:00,2026-09-27T18:45:00+00:00,B-ENA_USDT,LONG,1,LONG,82.0,REJECTED,DAILY_LOSS_LOCK,0.28841,0.2884,0.28841,0.34673462665383753,TW_FILTERED_PLUS_AI,"{""atr_expansion_min"": 1.1, ""cooldown_bars"": 3, ""ema_distance_min"": 0.003, ""ema_filter"": true, ""ema_length"": 200, ""hull_length"": 8, ""rsi_filter"": false, ""slope_filter"": true, ""volume_ratio_min"": 1.2}"
B-ARB_USDT-1790539200000-1,2026-09-27T20:05:16.411135+00:00,2026-09-27T20:00:00+00:00,B-ARB_USDT,LONG,1,LONG,82.0,REJECTED,DAILY_LOSS_LOCK,0.23068,0.23067,0.23068,0.43351035006004124,TW_FILTERED_PLUS_AI,"{""atr_expansion_min"": 1.1, ""cooldown_bars"": 3, ""ema_distance_min"": 0.003, ""ema_filter"": true, ""ema_length"": 200, ""hull_length"": 8, ""rsi_filter"": false, ""slope_filter"": true, ""volume_ratio_min"": 1.2}"
B-HYPE_USDT-1790544300000--1,2026-09-27T21:30:02.845555+00:00,2026-09-27T21:25:00+00:00,B-HYPE_USDT,SHORT,-1,SHORT,24.0,REJECTED,DAILY_LOSS_LOCK,91.557,91.557,91.558,0.10922098135103894,TW_FILTERED_PLUS_AI,"{""atr_expansion_min"": 1.1, ""cooldown_bars"": 3, ""ema_distance_min"": 0.003, ""ema_filter"": true, ""ema_length"": 200, ""hull_length"": 8, ""rsi_filter"": false, ""slope_filter"": true, ""volume_ratio_min"": 1.2}"
B-LINK_USDT-1790544300000--1,2026-09-27T21:30:03.217201+00:00,2026-09-27T21:25:00+00:00,B-LINK_USDT,SHORT,-1,SHORT,24.0,REJECTED,DAILY_LOSS_LOCK,13.976,13.976,13.977,0.7154867098339681,TW_FILTERED_PLUS_AI,"{""atr_expansion_min"": 1.1, ""cooldown_bars"": 3, ""ema_distance_min"": 0.003, ""ema_filter"": true, ""ema_length"": 200, ""hull_length"": 8, ""rsi_filter"": false, ""slope_filter"": true, ""volume_ratio_min"": 1.2}"
B-SOL_USDT-1790546400000--1,2026-09-27T22:05:16.518516+00:00,2026-09-27T22:00:00+00:00,B-SOL_USDT,SHORT,-1,NO TRADE,48.0,REJECTED,DAILY_LOSS_LOCK,122.0,122.0,122.01,0.8196385394045421,TW_FILTERED_PLUS_AI,"{""atr_expansion_min"": 1.1, ""cooldown_bars"": 3, ""ema_distance_min"": 0.003, ""ema_filter"": true, ""ema_length"": 200, ""hull_length"": 8, ""rsi_filter"": false, ""slope_filter"": true, ""volume_ratio_min"": 1.2}"
B-ZEC_USDT-1790546400000--1,2026-09-27T22:05:17.271148+00:00,2026-09-27T22:00:00+00:00,B-ZEC_USDT,SHORT,-1,SHORT,24.0,REJECTED,DAILY_LOSS_LOCK,1591.75,1591.75,1591.76,0.0628237385778019,TW_FILTERED_PLUS_AI,"{""atr_expansion_min"": 1.1, ""cooldown_bars"": 3, ""ema_distance_min"": 0.003, ""ema_filter"": true, ""ema_length"": 200, ""hull_length"": 8, ""rsi_filter"": false, ""slope_filter"": true, ""volume_ratio_min"": 1.2}"
B-XRP_USDT-1790546400000--1,2026-09-27T22:05:17.572083+00:00,2026-09-27T22:00:00+00:00,B-XRP_USDT,SHORT,-1,SHORT,24.0,REJECTED,DAILY_LOSS_LOCK,1.5125,1.5125,1.5126,0.6611351690852466,TW_FILTERED_PLUS_AI,"{""atr_expansion_min"": 1.1, ""cooldown_bars"": 3, ""ema_distance_min"": 0.003, ""ema_filter"": true, ""ema_length"": 200, ""hull_length"": 8, ""rsi_filter"": false, ""slope_filter"": true, ""volume_ratio_min"": 1.2}"
B-WLD_USDT-1790546400000--1,2026-09-27T22:05:17.893469+00:00,2026-09-27T22:00:00+00:00,B-WLD_USDT,SHORT,-1,SHORT,24.0,REJECTED,DAILY_LOSS_LOCK,0.5482,0.5482,0.5483,1.823985408116534,TW_FILTERED_PLUS_AI,"{""atr_expansion_min"": 1.1, ""cooldown_bars"": 3, ""ema_distance_min"": 0.003, ""ema_filter"": true, ""ema_length"": 200, ""hull_length"": 8, ""rsi_filter"": false, ""slope_filter"": true, ""volume_ratio_min"": 1.2}"
B-DOGE_USDT-1790546400000--1,2026-09-27T22:05:18.175709+00:00,2026-09-27T22:00:00+00:00,B-DOGE_USDT,SHORT,-1,SHORT,24.0,REJECTED,DAILY_LOSS_LOCK,0.09654,0.09654,0.09655,1.0357864208396212,TW_FILTERED_PLUS_AI,"{""atr_expansion_min"": 1.1, ""cooldown_bars"": 3, ""ema_distance_min"": 0.003, ""ema_filter"": true, ""ema_length"": 200, ""hull_length"": 8, ""rsi_filter"": false, ""slope_filter"": true, ""volume_ratio_min"": 1.2}"
B-AVAX_USDT-1790546400000--1,2026-09-27T22:05:18.542753+00:00,2026-09-27T22:00:00+00:00,B-AVAX_USDT,SHORT,-1,SHORT,24.0,REJECTED,DAILY_LOSS_LOCK,10.882,10.882,10.883,0.9189065012629872,TW_FILTERED_PLUS_AI,"{""atr_expansion_min"": 1.1, ""cooldown_bars"": 3, ""ema_distance_min"": 0.003, ""ema_filter"": true, ""ema_length"": 200, ""hull_length"": 8, ""rsi_filter"": false, ""slope_filter"": true, ""volume_ratio_min"": 1.2}"
B-1000PEPE_USDT-1790546400000--1,2026-09-27T22:05:18.854593+00:00,2026-09-27T22:00:00+00:00,B-1000PEPE_USDT,SHORT,-1,SHORT,24.0,REJECTED,DAILY_LOSS_LOCK,0.0043507,0.0043507,0.0043508,0.22984542894966034,TW_FILTERED_PLUS_AI,"{""atr_expansion_min"": 1.1, ""cooldown_bars"": 3, ""ema_distance_min"": 0.003, ""ema_filter"": true, ""ema_length"": 200, ""hull_length"": 8, ""rsi_filter"": false, ""slope_filter"": true, ""volume_ratio_min"": 1.2}"
B-LINK_USDT-1790546400000--1,2026-09-27T22:05:19.167221+00:00,2026-09-27T22:00:00+00:00,B-LINK_USDT,SHORT,-1,SHORT,24.0,REJECTED,DAILY_LOSS_LOCK,13.953,13.953,13.954,0.7166660694458179,TW_FILTERED_PLUS_AI,"{""atr_expansion_min"": 1.1, ""cooldown_bars"": 3, ""ema_distance_min"": 0.003, ""ema_filter"": true, ""ema_length"": 200, ""hull_length"": 8, ""rsi_filter"": false, ""slope_filter"": true, ""volume_ratio_min"": 1.2}"
B-FIL_USDT-1790546400000--1,2026-09-27T22:05:19.443164+00:00,2026-09-27T22:00:00+00:00,B-FIL_USDT,SHORT,-1,SHORT,24.0,REJECTED,DAILY_LOSS_LOCK,1.1269,1.1269,1.127,0.8873508141442743,TW_FILTERED_PLUS_AI,"{""atr_expansion_min"": 1.1, ""cooldown_bars"": 3, ""ema_distance_min"": 0.003, ""ema_filter"": true, ""ema_length"": 200, ""hull_length"": 8, ""rsi_filter"": false, ""slope_filter"": true, ""volume_ratio_min"": 1.2}"
B-CL_USDT-1790546400000--1,2026-09-27T22:05:19.722956+00:00,2026-09-27T22:00:00+00:00,B-CL_USDT,SHORT,-1,SHORT,24.0,REJECTED,DAILY_LOSS_LOCK,93.23,93.23,93.24,1.072558588511922,TW_FILTERED_PLUS_AI,"{""atr_expansion_min"": 1.1, ""cooldown_bars"": 3, ""ema_distance_min"": 0.003, ""ema_filter"": true, ""ema_length"": 200, ""hull_length"": 8, ""rsi_filter"": false, ""slope_filter"": true, ""volume_ratio_min"": 1.2}"
B-ADA_USDT-1790546400000--1,2026-09-27T22:05:20.574209+00:00,2026-09-27T22:00:00+00:00,B-ADA_USDT,SHORT,-1,SHORT,24.0,REJECTED,DAILY_LOSS_LOCK,0.2537,0.2537,0.2538,3.940886699509142,TW_FILTERED_PLUS_AI,"{""atr_expansion_min"": 1.1, ""cooldown_bars"": 3, ""ema_distance_min"": 0.003, ""ema_filter"": true, ""ema_length"": 200, ""hull_length"": 8, ""rsi_filter"": false, ""slope_filter"": true, ""volume_ratio_min"": 1.2}"
B-DASH_USDT-1790546400000--1,2026-09-27T22:05:20.879930+00:00,2026-09-27T22:00:00+00:00,B-DASH_USDT,SHORT,-1,SHORT,24.0,REJECTED,DAILY_LOSS_LOCK,68.18,68.18,68.19,1.4665982254148135,TW_FILTERED_PLUS_AI,"{""atr_expansion_min"": 1.1, ""cooldown_bars"": 3, ""ema_distance_min"": 0.003, ""ema_filter"": true, ""ema_length"": 200, ""hull_length"": 8, ""rsi_filter"": false, ""slope_filter"": true, ""volume_ratio_min"": 1.2}"
B-DOGE_USDT-1790548200000--1,2026-09-27T22:35:13.685572+00:00,2026-09-27T22:30:00+00:00,B-DOGE_USDT,SHORT,-1,SHORT,24.0,REJECTED,DAILY_LOSS_LOCK,0.09571,0.09571,0.09572,1.0447683226240532,TW_FILTERED_PLUS_AI,"{""atr_expansion_min"": 1.1, ""cooldown_bars"": 3, ""ema_distance_min"": 0.003, ""ema_filter"": true, ""ema_length"": 200, ""hull_length"": 8, ""rsi_filter"": false, ""slope_filter"": true, ""volume_ratio_min"": 1.2}"
B-ENA_USDT-1790548200000--1,2026-09-27T22:35:13.968262+00:00,2026-09-27T22:30:00+00:00,B-ENA_USDT,SHORT,-1,SHORT,24.0,REJECTED,DAILY_LOSS_LOCK,0.27159,0.27159,0.27165,2.2089684117518775,TW_FILTERED_PLUS_AI,"{""atr_expansion_min"": 1.1, ""cooldown_bars"": 3, ""ema_distance_min"": 0.003, ""ema_filter"": true, ""ema_length"": 200, ""hull_length"": 8, ""rsi_filter"": false, ""slope_filter"": true, ""volume_ratio_min"": 1.2}"
B-UNI_USDT-1790548200000--1,2026-09-27T22:35:14.244642+00:00,2026-09-27T22:30:00+00:00,B-UNI_USDT,SHORT,-1,SHORT,24.0,REJECTED,DAILY_LOSS_LOCK,9.561,9.561,9.562,1.0458610050718464,TW_FILTERED_PLUS_AI,"{""atr_expansion_min"": 1.1, ""cooldown_bars"": 3, ""ema_distance_min"": 0.003, ""ema_filter"": true, ""ema_length"": 200, ""hull_length"": 8, ""rsi_filter"": false, ""slope_filter"": true, ""volume_ratio_min"": 1.2}"
B-BNB_USDT-1790548200000--1,2026-09-27T22:35:14.539352+00:00,2026-09-27T22:30:00+00:00,B-BNB_USDT,SHORT,-1,SHORT,24.0,REJECTED,DAILY_LOSS_LOCK,774.89,774.89,774.9,0.12904974222302254,TW_FILTERED_PLUS_AI,"{""atr_expansion_min"": 1.1, ""cooldown_bars"": 3, ""ema_distance_min"": 0.003, ""ema_filter"": true, ""ema_length"": 200, ""hull_length"": 8, ""rsi_filter"": false, ""slope_filter"": true, ""volume_ratio_min"": 1.2}"
B-1000PEPE_USDT-1790548200000--1,2026-09-27T22:35:14.828867+00:00,2026-09-27T22:30:00+00:00,B-1000PEPE_USDT,SHORT,-1,SHORT,24.0,REJECTED,DAILY_LOSS_LOCK,0.004302,0.004302,0.0043021,0.2324473216243561,TW_FILTERED_PLUS_AI,"{""atr_expansion_min"": 1.1, ""cooldown_bars"": 3, ""ema_distance_min"": 0.003, ""ema_filter"": true, ""ema_length"": 200, ""hull_length"": 8, ""rsi_filter"": false, ""slope_filter"": true, ""volume_ratio_min"": 1.2}"
B-ETH_USDT-1790548500000--1,2026-09-27T22:40:01.718555+00:00,2026-09-27T22:35:00+00:00,B-ETH_USDT,SHORT,-1,SHORT,24.0,REJECTED,DAILY_LOSS_LOCK,2671.16,2671.16,2671.17,0.037436848716639666,TW_FILTERED_PLUS_AI,"{""atr_expansion_min"": 1.1, ""cooldown_bars"": 3, ""ema_distance_min"": 0.003, ""ema_filter"": true, ""ema_length"": 200, ""hull_length"": 8, ""rsi_filter"": false, ""slope_filter"": true, ""volume_ratio_min"": 1.2}"
B-HYPE_USDT-1790548500000--1,2026-09-27T22:40:02.061819+00:00,2026-09-27T22:35:00+00:00,B-HYPE_USDT,SHORT,-1,SHORT,24.0,REJECTED,DAILY_LOSS_LOCK,91.409,91.409,91.41,0.10939781970042105,TW_FILTERED_PLUS_AI,"{""atr_expansion_min"": 1.1, ""cooldown_bars"": 3, ""ema_distance_min"": 0.003, ""ema_filter"": true, ""ema_length"": 200, ""hull_length"": 8, ""rsi_filter"": false, ""slope_filter"": true, ""volume_ratio_min"": 1.2}"
B-LINK_USDT-1790548500000--1,2026-09-27T22:40:02.426506+00:00,2026-09-27T22:35:00+00:00,B-LINK_USDT,SHORT,-1,SHORT,24.0,REJECTED,DAILY_LOSS_LOCK,13.945,13.945,13.946,0.7170771933594677,TW_FILTERED_PLUS_AI,"{""atr_expansion_min"": 1.1, ""cooldown_bars"": 3, ""ema_distance_min"": 0.003, ""ema_filter"": true, ""ema_length"": 200, ""hull_length"": 8, ""rsi_filter"": false, ""slope_filter"": true, ""volume_ratio_min"": 1.2}"
B-ENA_USDT-1790550000000--1,2026-09-27T23:05:59.332300+00:00,2026-09-27T23:00:00+00:00,B-ENA_USDT,SHORT,-1,SHORT,24.0,REJECTED,DAILY_LOSS_LOCK,0.27018,0.27018,0.27019,0.3701167718418862,TW_FILTERED_PLUS_AI,"{""atr_expansion_min"": 1.1, ""cooldown_bars"": 3, ""ema_distance_min"": 0.003, ""ema_filter"": true, ""ema_length"": 200, ""hull_length"": 8, ""rsi_filter"": false, ""slope_filter"": true, ""volume_ratio_min"": 1.2}"
B-AVAX_USDT-1790550300000--1,2026-09-27T23:10:13.925358+00:00,2026-09-27T23:05:00+00:00,B-AVAX_USDT,SHORT,-1,SHORT,24.0,REJECTED,DAILY_LOSS_LOCK,10.71,10.71,10.711,0.9336632276732606,TW_FILTERED_PLUS_AI,"{""atr_expansion_min"": 1.1, ""cooldown_bars"": 3, ""ema_distance_min"": 0.003, ""ema_filter"": true, ""ema_length"": 200, ""hull_length"": 8, ""rsi_filter"": false, ""slope_filter"": true, ""volume_ratio_min"": 1.2}"
B-DASH_USDT-1790554200000--1,2026-09-28T00:15:13.739177+00:00,2026-09-28T00:10:00+00:00,B-DASH_USDT,SHORT,-1,SHORT,24.0,REJECTED,DAILY_LOSS_LOCK,68.26,68.26,68.27,1.4648795136586692,TW_FILTERED_PLUS_AI,"{""atr_expansion_min"": 1.1, ""cooldown_bars"": 3, ""ema_distance_min"": 0.003, ""ema_filter"": true, ""ema_length"": 200, ""hull_length"": 8, ""rsi_filter"": false, ""slope_filter"": true, ""volume_ratio_min"": 1.2}"
B-DOGE_USDT-1790554500000-1,2026-09-28T00:20:02.164974+00:00,2026-09-28T00:15:00+00:00,B-DOGE_USDT,LONG,1,LONG,68.0,REJECTED,DAILY_LOSS_LOCK,0.09739,0.09738,0.09739,1.0268521846290497,TW_FILTERED_PLUS_AI,"{""atr_expansion_min"": 1.1, ""cooldown_bars"": 3, ""ema_distance_min"": 0.003, ""ema_filter"": true, ""ema_length"": 200, ""hull_length"": 8, ""rsi_filter"": false, ""slope_filter"": true, ""volume_ratio_min"": 1.2}"
B-BNB_USDT-1790554500000-1,2026-09-28T00:20:02.528834+00:00,2026-09-28T00:15:00+00:00,B-BNB_USDT,LONG,1,LONG,82.0,REJECTED,DAILY_LOSS_LOCK,783.94,783.93,783.94,0.12756159630715036,TW_FILTERED_PLUS_AI,"{""atr_expansion_min"": 1.1, ""cooldown_bars"": 3, ""ema_distance_min"": 0.003, ""ema_filter"": true, ""ema_length"": 200, ""hull_length"": 8, ""rsi_filter"": false, ""slope_filter"": true, ""volume_ratio_min"": 1.2}"
B-PENGU_USDT-1790554500000-1,2026-09-28T00:20:02.919047+00:00,2026-09-28T00:15:00+00:00,B-PENGU_USDT,LONG,1,LONG,92.0,REJECTED,DAILY_LOSS_LOCK,0.010384,0.010382,0.010384,1.9262255610117796,TW_FILTERED_PLUS_AI,"{""atr_expansion_min"": 1.1, ""cooldown_bars"": 3, ""ema_distance_min"": 0.003, ""ema_filter"": true, ""ema_length"": 200, ""hull_length"": 8, ""rsi_filter"": false, ""slope_filter"": true, ""volume_ratio_min"": 1.2}"
B-ETH_USDT-1790555400000--1,2026-09-28T00:35:12.224806+00:00,2026-09-28T00:30:00+00:00,B-ETH_USDT,SHORT,-1,NO TRADE,48.0,REJECTED,DAILY_LOSS_LOCK,2677.0,2677.0,2677.01,0.03735517864261844,TW_FILTERED_PLUS_AI,"{""atr_expansion_min"": 1.1, ""cooldown_bars"": 3, ""ema_distance_min"": 0.003, ""ema_filter"": true, ""ema_length"": 200, ""hull_length"": 8, ""rsi_filter"": false, ""slope_filter"": true, ""volume_ratio_min"": 1.2}"
B-HYPE_USDT-1790555400000--1,2026-09-28T00:35:12.599549+00:00,2026-09-28T00:30:00+00:00,B-HYPE_USDT,SHORT,-1,SHORT,24.0,REJECTED,DAILY_LOSS_LOCK,91.282,91.282,91.283,0.10955002327990303,TW_FILTERED_PLUS_AI,"{""atr_expansion_min"": 1.1, ""cooldown_bars"": 3, ""ema_distance_min"": 0.003, ""ema_filter"": true, ""ema_length"": 200, ""hull_length"": 8, ""rsi_filter"": false, ""slope_filter"": true, ""volume_ratio_min"": 1.2}"
B-TAO_USDT-1790555400000--1,2026-09-28T00:35:12.937275+00:00,2026-09-28T00:30:00+00:00,B-TAO_USDT,SHORT,-1,SHORT,24.0,REJECTED,DAILY_LOSS_LOCK,316.98,316.98,316.99,0.3154723409622192,TW_FILTERED_PLUS_AI,"{""atr_expansion_min"": 1.1, ""cooldown_bars"": 3, ""ema_distance_min"": 0.003, ""ema_filter"": true, ""ema_length"": 200, ""hull_length"": 8, ""rsi_filter"": false, ""slope_filter"": true, ""volume_ratio_min"": 1.2}"
B-ARB_USDT-1790555400000--1,2026-09-28T00:35:13.285184+00:00,2026-09-28T00:30:00+00:00,B-ARB_USDT,SHORT,-1,NO TRADE,48.0,REJECTED,DAILY_LOSS_LOCK,0.22323,0.22323,0.22324,0.44795842945695097,TW_FILTERED_PLUS_AI,"{""atr_expansion_min"": 1.1, ""cooldown_bars"": 3, ""ema_distance_min"": 0.003, ""ema_filter"": true, ""ema_length"": 200, ""hull_length"": 8, ""rsi_filter"": false, ""slope_filter"": true, ""volume_ratio_min"": 1.2}"
B-BCH_USDT-1790555400000--1,2026-09-28T00:35:13.610790+00:00,2026-09-28T00:30:00+00:00,B-BCH_USDT,SHORT,-1,SHORT,24.0,REJECTED,DAILY_LOSS_LOCK,330.07,330.07,330.08,0.3029614481554467,TW_FILTERED_PLUS_AI,"{""atr_expansion_min"": 1.1, ""cooldown_bars"": 3, ""ema_distance_min"": 0.003, ""ema_filter"": true, ""ema_length"": 200, ""hull_length"": 8, ""rsi_filter"": false, ""slope_filter"": true, ""volume_ratio_min"": 1.2}"
B-FIL_USDT-1790555400000--1,2026-09-28T00:35:13.949753+00:00,2026-09-28T00:30:00+00:00,B-FIL_USDT,SHORT,-1,NO TRADE,48.0,REJECTED,DAILY_LOSS_LOCK,1.1338,1.1338,1.1339,0.8819508753361468,TW_FILTERED_PLUS_AI,"{""atr_expansion_min"": 1.1, ""cooldown_bars"": 3, ""ema_distance_min"": 0.003, ""ema_filter"": true, ""ema_length"": 200, ""hull_length"": 8, ""rsi_filter"": false, ""slope_filter"": true, ""volume_ratio_min"": 1.2}"
B-BTC_USDT-1790555700000--1,2026-09-28T00:40:16.009200+00:00,2026-09-28T00:35:00+00:00,B-BTC_USDT,SHORT,-1,SHORT,24.0,REJECTED,DAILY_LOSS_LOCK,84169.5,84169.5,84169.6,0.011880781114526662,TW_FILTERED_PLUS_AI,"{""atr_expansion_min"": 1.1, ""cooldown_bars"": 3, ""ema_distance_min"": 0.003, ""ema_filter"": true, ""ema_length"": 200, ""hull_length"": 8, ""rsi_filter"": false, ""slope_filter"": true, ""volume_ratio_min"": 1.2}"
B-SOL_USDT-1790555700000--1,2026-09-28T00:40:16.330104+00:00,2026-09-28T00:35:00+00:00,B-SOL_USDT,SHORT,-1,SHORT,24.0,REJECTED,DAILY_LOSS_LOCK,121.4,121.4,121.41,0.8236893043936333,TW_FILTERED_PLUS_AI,"{""atr_expansion_min"": 1.1, ""cooldown_bars"": 3, ""ema_distance_min"": 0.003, ""ema_filter"": true, ""ema_length"": 200, ""hull_length"": 8, ""rsi_filter"": false, ""slope_filter"": true, ""volume_ratio_min"": 1.2}"
B-ZEC_USDT-1790555700000--1,2026-09-28T00:40:16.636006+00:00,2026-09-28T00:35:00+00:00,B-ZEC_USDT,SHORT,-1,SHORT,24.0,REJECTED,DAILY_LOSS_LOCK,1570.76,1570.76,1570.77,0.06366324688919671,TW_FILTERED_PLUS_AI,"{""atr_expansion_min"": 1.1, ""cooldown_bars"": 3, ""ema_distance_min"": 0.003, ""ema_filter"": true, ""ema_length"": 200, ""hull_length"": 8, ""rsi_filter"": false, ""slope_filter"": true, ""volume_ratio_min"": 1.2}"
B-XRP_USDT-1790555700000--1,2026-09-28T00:40:16.940941+00:00,2026-09-28T00:35:00+00:00,B-XRP_USDT,SHORT,-1,SHORT,24.0,REJECTED,DAILY_LOSS_LOCK,1.511,1.511,1.5111,0.6617914695093546,TW_FILTERED_PLUS_AI,"{""atr_expansion_min"": 1.1, ""cooldown_bars"": 3, ""ema_distance_min"": 0.003, ""ema_filter"": true, ""ema_length"": 200, ""hull_length"": 8, ""rsi_filter"": false, ""slope_filter"": true, ""volume_ratio_min"": 1.2}"
B-DOGE_USDT-1790555700000--1,2026-09-28T00:40:17.271841+00:00,2026-09-28T00:35:00+00:00,B-DOGE_USDT,SHORT,-1,NO TRADE,48.0,REJECTED,DAILY_LOSS_LOCK,0.09634,0.09634,0.09635,1.0379365820758732,TW_FILTERED_PLUS_AI,"{""atr_expansion_min"": 1.1, ""cooldown_bars"": 3, ""ema_distance_min"": 0.003, ""ema_filter"": true, ""ema_length"": 200, ""hull_length"": 8, ""rsi_filter"": false, ""slope_filter"": true, ""volume_ratio_min"": 1.2}"
B-UNI_USDT-1790555700000--1,2026-09-28T00:40:17.600387+00:00,2026-09-28T00:35:00+00:00,B-UNI_USDT,SHORT,-1,SHORT,24.0,REJECTED,DAILY_LOSS_LOCK,9.604,9.604,9.605,1.041178614192537,TW_FILTERED_PLUS_AI,"{""atr_expansion_min"": 1.1, ""cooldown_bars"": 3, ""ema_distance_min"": 0.003, ""ema_filter"": true, ""ema_length"": 200, ""hull_length"": 8, ""rsi_filter"": false, ""slope_filter"": true, ""volume_ratio_min"": 1.2}"
B-AVAX_USDT-1790555700000--1,2026-09-28T00:40:17.936515+00:00,2026-09-28T00:35:00+00:00,B-AVAX_USDT,SHORT,-1,SHORT,24.0,REJECTED,DAILY_LOSS_LOCK,10.79,10.79,10.791,0.9267411148706939,TW_FILTERED_PLUS_AI,"{""atr_expansion_min"": 1.1, ""cooldown_bars"": 3, ""ema_distance_min"": 0.003, ""ema_filter"": true, ""ema_length"": 200, ""hull_length"": 8, ""rsi_filter"": false, ""slope_filter"": true, ""volume_ratio_min"": 1.2}"
B-1000PEPE_USDT-1790555700000--1,2026-09-28T00:40:18.248303+00:00,2026-09-28T00:35:00+00:00,B-1000PEPE_USDT,SHORT,-1,SHORT,24.0,REJECTED,DAILY_LOSS_LOCK,0.0043334,0.0043334,0.0043335,0.2307630179173779,TW_FILTERED_PLUS_AI,"{""atr_expansion_min"": 1.1, ""cooldown_bars"": 3, ""ema_distance_min"": 0.003, ""ema_filter"": true, ""ema_length"": 200, ""hull_length"": 8, ""rsi_filter"": false, ""slope_filter"": true, ""volume_ratio_min"": 1.2}"
B-CL_USDT-1790555700000--1,2026-09-28T00:40:19.164224+00:00,2026-09-28T00:35:00+00:00,B-CL_USDT,SHORT,-1,SHORT,24.0,REJECTED,DAILY_LOSS_LOCK,93.19,93.19,93.2,1.0730189387848186,TW_FILTERED_PLUS_AI,"{""atr_expansion_min"": 1.1, ""cooldown_bars"": 3, ""ema_distance_min"": 0.003, ""ema_filter"": true, ""ema_length"": 200, ""hull_length"": 8, ""rsi_filter"": false, ""slope_filter"": true, ""volume_ratio_min"": 1.2}"
B-LINK_USDT-1790555700000--1,2026-09-28T00:40:19.475621+00:00,2026-09-28T00:35:00+00:00,B-LINK_USDT,SHORT,-1,SHORT,24.0,REJECTED,DAILY_LOSS_LOCK,14.001,14.001,14.002,0.7142091918731722,TW_FILTERED_PLUS_AI,"{""atr_expansion_min"": 1.1, ""cooldown_bars"": 3, ""ema_distance_min"": 0.003, ""ema_filter"": true, ""ema_length"": 200, ""hull_length"": 8, ""rsi_filter"": false, ""slope_filter"": true, ""volume_ratio_min"": 1.2}"
B-ADA_USDT-1790555700000--1,2026-09-28T00:40:20.330138+00:00,2026-09-28T00:35:00+00:00,B-ADA_USDT,SHORT,-1,NO TRADE,48.0,REJECTED,DAILY_LOSS_LOCK,0.2538,0.2538,0.2539,3.9393342525108914,TW_FILTERED_PLUS_AI,"{""atr_expansion_min"": 1.1, ""cooldown_bars"": 3, ""ema_distance_min"": 0.003, ""ema_filter"": true, ""ema_length"": 200, ""hull_length"": 8, ""rsi_filter"": false, ""slope_filter"": true, ""volume_ratio_min"": 1.2}"
B-PUMP_USDT-1790556600000-1,2026-09-28T00:55:11.466134+00:00,2026-09-28T00:50:00+00:00,B-PUMP_USDT,LONG,1,LONG,92.0,REJECTED,DAILY_LOSS_LOCK,0.005187,0.005186,0.005187,1.9280825219321944,TW_FILTERED_PLUS_AI,"{""atr_expansion_min"": 1.1, ""cooldown_bars"": 3, ""ema_distance_min"": 0.003, ""ema_filter"": true, ""ema_length"": 200, ""hull_length"": 8, ""rsi_filter"": false, ""slope_filter"": true, ""volume_ratio_min"": 1.2}"
B-ADA_USDT-1790556600000-1,2026-09-28T00:55:11.887757+00:00,2026-09-28T00:50:00+00:00,B-ADA_USDT,LONG,1,LONG,92.0,REJECTED,DAILY_LOSS_LOCK,0.2559,0.2558,0.2559,3.908540160249716,TW_FILTERED_PLUS_AI,"{""atr_expansion_min"": 1.1, ""cooldown_bars"": 3, ""ema_distance_min"": 0.003, ""ema_filter"": true, ""ema_length"": 200, ""hull_length"": 8, ""rsi_filter"": false, ""slope_filter"": true, ""volume_ratio_min"": 1.2}"
B-ETH_USDT-1790556900000--1,2026-09-28T01:00:10.794775+00:00,2026-09-28T00:55:00+00:00,B-ETH_USDT,SHORT,-1,SHORT,24.0,REJECTED,DAILY_LOSS_LOCK,2673.24,2673.24,2673.25,0.037407719831958085,TW_FILTERED_PLUS_AI,"{""atr_expansion_min"": 1.1, ""cooldown_bars"": 3, ""ema_distance_min"": 0.003, ""ema_filter"": true, ""ema_length"": 200, ""hull_length"": 8, ""rsi_filter"": false, ""slope_filter"": true, ""volume_ratio_min"": 1.2}"
B-WLD_USDT-1790556900000--1,2026-09-28T01:00:11.142931+00:00,2026-09-28T00:55:00+00:00,B-WLD_USDT,SHORT,-1,SHORT,24.0,REJECTED,DAILY_LOSS_LOCK,0.5401,0.5401,0.5402,1.8513375914095898,TW_FILTERED_PLUS_AI,"{""atr_expansion_min"": 1.1, ""cooldown_bars"": 3, ""ema_distance_min"": 0.003, ""ema_filter"": true, ""ema_length"": 200, ""hull_length"": 8, ""rsi_filter"": false, ""slope_filter"": true, ""volume_ratio_min"": 1.2}"
B-UNI_USDT-1790557500000--1,2026-09-28T01:10:21.139708+00:00,2026-09-28T01:05:00+00:00,B-UNI_USDT,SHORT,-1,SHORT,24.0,REJECTED,DAILY_LOSS_LOCK,9.635,9.635,9.636,1.0378288620200775,TW_FILTERED_PLUS_AI,"{""atr_expansion_min"": 1.1, ""cooldown_bars"": 3, ""ema_distance_min"": 0.003, ""ema_filter"": true, ""ema_length"": 200, ""hull_length"": 8, ""rsi_filter"": false, ""slope_filter"": true, ""volume_ratio_min"": 1.2}"
B-ADA_USDT-1790557500000-1,2026-09-28T01:10:21.526082+00:00,2026-09-28T01:05:00+00:00,B-ADA_USDT,LONG,1,LONG,92.0,REJECTED,DAILY_LOSS_LOCK,0.2558,0.2557,0.2558,3.910068426199198,TW_FILTERED_PLUS_AI,"{""atr_expansion_min"": 1.1, ""cooldown_bars"": 3, ""ema_distance_min"": 0.003, ""ema_filter"": true, ""ema_length"": 200, ""hull_length"": 8, ""rsi_filter"": false, ""slope_filter"": true, ""volume_ratio_min"": 1.2}"
B-CL_USDT-1790561100000-1,2026-09-28T02:10:04.243672+00:00,2026-09-28T02:05:00+00:00,B-CL_USDT,LONG,1,LONG,92.0,REJECTED,DAILY_LOSS_LOCK,94.02,94.01,94.02,1.0636600542456953,TW_FILTERED_PLUS_AI,"{""atr_expansion_min"": 1.1, ""cooldown_bars"": 3, ""ema_distance_min"": 0.003, ""ema_filter"": true, ""ema_length"": 200, ""hull_length"": 8, ""rsi_filter"": false, ""slope_filter"": true, ""volume_ratio_min"": 1.2}"
B-SUI_USDT-1790561400000-1,2026-09-28T02:15:05.619622+00:00,2026-09-28T02:10:00+00:00,B-SUI_USDT,LONG,1,LONG,68.0,REJECTED,DAILY_LOSS_LOCK,1.2681,1.268,1.2681,0.7886124364180354,TW_FILTERED_PLUS_AI,"{""atr_expansion_min"": 1.1, ""cooldown_bars"": 3, ""ema_distance_min"": 0.003, ""ema_filter"": true, ""ema_length"": 200, ""hull_length"": 8, ""rsi_filter"": false, ""slope_filter"": true, ""volume_ratio_min"": 1.2}"
B-ADA_USDT-1790561400000-1,2026-09-28T02:15:06.563900+00:00,2026-09-28T02:10:00+00:00,B-ADA_USDT,LONG,1,LONG,92.0,REJECTED,DAILY_LOSS_LOCK,0.256,0.2559,0.256,3.9070130884934158,TW_FILTERED_PLUS_AI,"{""atr_expansion_min"": 1.1, ""cooldown_bars"": 3, ""ema_distance_min"": 0.003, ""ema_filter"": true, ""ema_length"": 200, ""hull_length"": 8, ""rsi_filter"": false, ""slope_filter"": true, ""volume_ratio_min"": 1.2}"
B-TAO_USDT-1790562600000--1,2026-09-28T02:35:15.585831+00:00,2026-09-28T02:30:00+00:00,B-TAO_USDT,SHORT,-1,SHORT,24.0,REJECTED,DAILY_LOSS_LOCK,311.35,311.35,311.36,0.32117679176473496,TW_FILTERED_PLUS_AI,"{""atr_expansion_min"": 1.1, ""cooldown_bars"": 3, ""ema_distance_min"": 0.003, ""ema_filter"": true, ""ema_length"": 200, ""hull_length"": 8, ""rsi_filter"": false, ""slope_filter"": true, ""volume_ratio_min"": 1.2}"
B-Q_USDT-1790563800000--1,2026-09-28T02:55:16.799063+00:00,2026-09-28T02:50:00+00:00,B-Q_USDT,SHORT,-1,SHORT,24.0,REJECTED,DAILY_LOSS_LOCK,0.028683,0.028683,0.028687,1.3944570332928465,TW_FILTERED_PLUS_AI,"{""atr_expansion_min"": 1.1, ""cooldown_bars"": 3, ""ema_distance_min"": 0.003, ""ema_filter"": true, ""ema_length"": 200, ""hull_length"": 8, ""rsi_filter"": false, ""slope_filter"": true, ""volume_ratio_min"": 1.2}"
B-LINK_USDT-1790565000000--1,2026-09-28T03:15:15.819482+00:00,2026-09-28T03:10:00+00:00,B-LINK_USDT,SHORT,-1,NO TRADE,48.0,REJECTED,DAILY_LOSS_LOCK,14.034,14.034,14.035,0.7125298371865373,TW_FILTERED_PLUS_AI,"{""atr_expansion_min"": 1.1, ""cooldown_bars"": 3, ""ema_distance_min"": 0.003, ""ema_filter"": true, ""ema_length"": 200, ""hull_length"": 8, ""rsi_filter"": false, ""slope_filter"": true, ""volume_ratio_min"": 1.2}"
B-Q_USDT-1790571900000--1,2026-09-28T05:10:13.276733+00:00,2026-09-28T05:05:00+00:00,B-Q_USDT,SHORT,-1,NO TRADE,48.0,REJECTED,DAILY_LOSS_LOCK,0.030658,0.030658,0.030676,5.869501418461925,TW_FILTERED_PLUS_AI,"{""atr_expansion_min"": 1.1, ""cooldown_bars"": 3, ""ema_distance_min"": 0.003, ""ema_filter"": true, ""ema_length"": 200, ""hull_length"": 8, ""rsi_filter"": false, ""slope_filter"": true, ""volume_ratio_min"": 1.2}"
B-BNB_USDT-1790576400000--1,2026-09-28T06:25:07.690248+00:00,2026-09-28T06:20:00+00:00,B-BNB_USDT,SHORT,-1,SHORT,24.0,REJECTED,DAILY_LOSS_LOCK,763.08,763.08,763.09,0.13104700000643316,TW_FILTERED_PLUS_AI,"{""atr_expansion_min"": 1.1, ""cooldown_bars"": 3, ""ema_distance_min"": 0.003, ""ema_filter"": true, ""ema_length"": 200, ""hull_length"": 8, ""rsi_filter"": false, ""slope_filter"": true, ""volume_ratio_min"": 1.2}"
B-SOON_USDT-1790577300000-1,2026-09-28T06:40:07.843657+00:00,2026-09-28T06:35:00+00:00,B-SOON_USDT,LONG,1,NO TRADE,48.0,REJECTED,DAILY_LOSS_LOCK,0.3359,0.3358,0.3359,2.9775197260678574,TW_FILTERED_PLUS_AI,"{""atr_expansion_min"": 1.1, ""cooldown_bars"": 3, ""ema_distance_min"": 0.003, ""ema_filter"": true, ""ema_length"": 200, ""hull_length"": 8, ""rsi_filter"": false, ""slope_filter"": true, ""volume_ratio_min"": 1.2}"
B-NEAR_USDT-1790584500000--1,2026-09-28T08:40:00.804869+00:00,2026-09-28T08:35:00+00:00,B-NEAR_USDT,SHORT,-1,SHORT,24.0,REJECTED,DAILY_LOSS_LOCK,5.107,5.107,5.108,1.957905041604397,TW_FILTERED_PLUS_AI,"{""atr_expansion_min"": 1.1, ""cooldown_bars"": 3, ""ema_distance_min"": 0.003, ""ema_filter"": true, ""ema_length"": 200, ""hull_length"": 8, ""rsi_filter"": false, ""slope_filter"": true, ""volume_ratio_min"": 1.2}"
B-BTC_USDT-1790586000000--1,2026-09-28T09:05:07.925629+00:00,2026-09-28T09:00:00+00:00,B-BTC_USDT,SHORT,-1,SHORT,24.0,REJECTED,DAILY_LOSS_LOCK,82741.8,82741.8,82741.9,0.012085782465737573,TW_FILTERED_PLUS_AI,"{""atr_expansion_min"": 1.1, ""cooldown_bars"": 3, ""ema_distance_min"": 0.003, ""ema_filter"": true, ""ema_length"": 200, ""hull_length"": 8, ""rsi_filter"": false, ""slope_filter"": true, ""volume_ratio_min"": 1.2}"
B-ETH_USDT-1790586300000--1,2026-09-28T09:10:09.315200+00:00,2026-09-28T09:05:00+00:00,B-ETH_USDT,SHORT,-1,SHORT,24.0,REJECTED,DAILY_LOSS_LOCK,2637.35,2637.35,2637.36,0.0379167764681595,TW_FILTERED_PLUS_AI,"{""atr_expansion_min"": 1.1, ""cooldown_bars"": 3, ""ema_distance_min"": 0.003, ""ema_filter"": true, ""ema_length"": 200, ""hull_length"": 8, ""rsi_filter"": false, ""slope_filter"": true, ""volume_ratio_min"": 1.2}"
B-NEAR_USDT-1790586300000--1,2026-09-28T09:10:09.620458+00:00,2026-09-28T09:05:00+00:00,B-NEAR_USDT,SHORT,-1,SHORT,24.0,REJECTED,DAILY_LOSS_LOCK,5.091,5.091,5.092,1.9640577432965645,TW_FILTERED_PLUS_AI,"{""atr_expansion_min"": 1.1, ""cooldown_bars"": 3, ""ema_distance_min"": 0.003, ""ema_filter"": true, ""ema_length"": 200, ""hull_length"": 8, ""rsi_filter"": false, ""slope_filter"": true, ""volume_ratio_min"": 1.2}"
B-ARB_USDT-1790587800000--1,2026-09-28T09:35:05.123770+00:00,2026-09-28T09:30:00+00:00,B-ARB_USDT,SHORT,-1,SHORT,24.0,REJECTED,DAILY_LOSS_LOCK,0.20662,0.20662,0.20663,0.4839685420452511,TW_FILTERED_PLUS_AI,"{""atr_expansion_min"": 1.1, ""cooldown_bars"": 3, ""ema_distance_min"": 0.003, ""ema_filter"": true, ""ema_length"": 200, ""hull_length"": 8, ""rsi_filter"": false, ""slope_filter"": true, ""volume_ratio_min"": 1.2}"
B-BTW_USDT-1790592300000--1,2026-09-28T10:50:10.919956+00:00,2026-09-28T10:45:00+00:00,B-BTW_USDT,SHORT,-1,SHORT,24.0,REJECTED,DAILY_LOSS_LOCK,1.2161,1.2161,1.2165,3.288662336594228,TW_FILTERED_PLUS_AI,"{""atr_expansion_min"": 1.1, ""cooldown_bars"": 3, ""ema_distance_min"": 0.003, ""ema_filter"": true, ""ema_length"": 200, ""hull_length"": 8, ""rsi_filter"": false, ""slope_filter"": true, ""volume_ratio_min"": 1.2}"
B-XAU_USDT-1790598300000--1,2026-09-28T12:30:09.138995+00:00,2026-09-28T12:25:00+00:00,B-XAU_USDT,SHORT,-1,SHORT,24.0,REJECTED,DAILY_LOSS_LOCK,4159.12,4159.12,4159.13,0.02404351876949666,TW_FILTERED_PLUS_AI,"{""atr_expansion_min"": 1.1, ""cooldown_bars"": 3, ""ema_distance_min"": 0.003, ""ema_filter"": true, ""ema_length"": 200, ""hull_length"": 8, ""rsi_filter"": false, ""slope_filter"": true, ""volume_ratio_min"": 1.2}"
B-XAG_USDT-1790598600000--1,2026-09-28T12:35:06.120011+00:00,2026-09-28T12:30:00+00:00,B-XAG_USDT,SHORT,-1,LONG,92.0,REJECTED,DAILY_LOSS_LOCK,61.5,61.5,61.51,1.6258840744651673,TW_FILTERED_PLUS_AI,"{""atr_expansion_min"": 1.1, ""cooldown_bars"": 3, ""ema_distance_min"": 0.003, ""ema_filter"": true, ""ema_length"": 200, ""hull_length"": 8, ""rsi_filter"": false, ""slope_filter"": true, ""volume_ratio_min"": 1.2}"
B-UNI_USDT-1790600400000--1,2026-09-28T13:05:15.342360+00:00,2026-09-28T13:00:00+00:00,B-UNI_USDT,SHORT,-1,LONG,92.0,REJECTED,DAILY_LOSS_LOCK,9.01,9.01,9.011,1.1098163253975315,TW_FILTERED_PLUS_AI,"{""atr_expansion_min"": 1.1, ""cooldown_bars"": 3, ""ema_distance_min"": 0.003, ""ema_filter"": true, ""ema_length"": 200, ""hull_length"": 8, ""rsi_filter"": false, ""slope_filter"": true, ""volume_ratio_min"": 1.2}"
B-NEAR_USDT-1790601900000-1,2026-09-28T13:30:09.474263+00:00,2026-09-28T13:25:00+00:00,B-NEAR_USDT,LONG,1,LONG,92.0,REJECTED,DAILY_LOSS_LOCK,5.226,5.225,5.226,1.913692469620771,TW_FILTERED_PLUS_AI,"{""atr_expansion_min"": 1.1, ""cooldown_bars"": 3, ""ema_distance_min"": 0.003, ""ema_filter"": true, ""ema_length"": 200, ""hull_length"": 8, ""rsi_filter"": false, ""slope_filter"": true, ""volume_ratio_min"": 1.2}"
B-ADA_USDT-1790602500000-1,2026-09-28T13:40:56.669856+00:00,2026-09-28T13:35:00+00:00,B-ADA_USDT,LONG,1,LONG,92.0,REJECTED,DAILY_LOSS_LOCK,0.2508,0.2507,0.2508,3.988035892324805,TW_FILTERED_PLUS_AI,"{""atr_expansion_min"": 1.1, ""cooldown_bars"": 3, ""ema_distance_min"": 0.003, ""ema_filter"": true, ""ema_length"": 200, ""hull_length"": 8, ""rsi_filter"": false, ""slope_filter"": true, ""volume_ratio_min"": 1.2}"
B-BNB_USDT-1790604000000--1,2026-09-28T14:05:12.817616+00:00,2026-09-28T14:00:00+00:00,B-BNB_USDT,SHORT,-1,NO TRADE,48.0,REJECTED,DAILY_LOSS_LOCK,764.52,764.52,764.53,0.1308001700401021,TW_FILTERED_PLUS_AI,"{""atr_expansion_min"": 1.1, ""cooldown_bars"": 3, ""ema_distance_min"": 0.003, ""ema_filter"": true, ""ema_length"": 200, ""hull_length"": 8, ""rsi_filter"": false, ""slope_filter"": true, ""volume_ratio_min"": 1.2}"
B-AVAX_USDT-1790604000000--1,2026-09-28T14:05:13.138128+00:00,2026-09-28T14:00:00+00:00,B-AVAX_USDT,SHORT,-1,SHORT,24.0,REJECTED,DAILY_LOSS_LOCK,10.406,10.406,10.407,0.9609378753658249,TW_FILTERED_PLUS_AI,"{""atr_expansion_min"": 1.1, ""cooldown_bars"": 3, ""ema_distance_min"": 0.003, ""ema_filter"": true, ""ema_length"": 200, ""hull_length"": 8, ""rsi_filter"": false, ""slope_filter"": true, ""volume_ratio_min"": 1.2}"
B-ZEC_USDT-1790605500000--1,2026-09-28T14:30:12.345053+00:00,2026-09-28T14:25:00+00:00,B-ZEC_USDT,SHORT,-1,NO TRADE,48.0,REJECTED,DAILY_LOSS_LOCK,1564.7,1564.7,1564.75,0.31954496796532633,TW_FILTERED_PLUS_AI,"{""atr_expansion_min"": 1.1, ""cooldown_bars"": 3, ""ema_distance_min"": 0.003, ""ema_filter"": true, ""ema_length"": 200, ""hull_length"": 8, ""rsi_filter"": false, ""slope_filter"": true, ""volume_ratio_min"": 1.2}"
B-PUMP_USDT-1790607900000-1,2026-09-28T15:10:13.643550+00:00,2026-09-28T15:05:00+00:00,B-PUMP_USDT,LONG,1,NO TRADE,48.0,REJECTED,DAILY_LOSS_LOCK,0.00507,0.005069,0.00507,1.9725811223989207,TW_FILTERED_PLUS_AI,"{""atr_expansion_min"": 1.1, ""cooldown_bars"": 3, ""ema_distance_min"": 0.003, ""ema_filter"": true, ""ema_length"": 200, ""hull_length"": 8, ""rsi_filter"": false, ""slope_filter"": true, ""volume_ratio_min"": 1.2}"
B-AVAX_USDT-1790608500000--1,2026-09-28T15:20:03.108679+00:00,2026-09-28T15:15:00+00:00,B-AVAX_USDT,SHORT,-1,SHORT,24.0,REJECTED,DAILY_LOSS_LOCK,10.169,10.169,10.17,0.9833325138890268,TW_FILTERED_PLUS_AI,"{""atr_expansion_min"": 1.1, ""cooldown_bars"": 3, ""ema_distance_min"": 0.003, ""ema_filter"": true, ""ema_length"": 200, ""hull_length"": 8, ""rsi_filter"": false, ""slope_filter"": true, ""volume_ratio_min"": 1.2}"
B-BCH_USDT-1790608500000--1,2026-09-28T15:20:03.426658+00:00,2026-09-28T15:15:00+00:00,B-BCH_USDT,SHORT,-1,SHORT,24.0,REJECTED,DAILY_LOSS_LOCK,307.01,307.01,307.02,0.3257169845118612,TW_FILTERED_PLUS_AI,"{""atr_expansion_min"": 1.1, ""cooldown_bars"": 3, ""ema_distance_min"": 0.003, ""ema_filter"": true, ""ema_length"": 200, ""hull_length"": 8, ""rsi_filter"": false, ""slope_filter"": true, ""volume_ratio_min"": 1.2}"
B-LINK_USDT-1790609100000-1,2026-09-28T15:30:05.741504+00:00,2026-09-28T15:25:00+00:00,B-LINK_USDT,LONG,1,NO TRADE,48.0,REJECTED,DAILY_LOSS_LOCK,14.236,14.235,14.236,0.7024691791656227,TW_FILTERED_PLUS_AI,"{""atr_expansion_min"": 1.1, ""cooldown_bars"": 3, ""ema_distance_min"": 0.003, ""ema_filter"": true, ""ema_length"": 200, ""hull_length"": 8, ""rsi_filter"": false, ""slope_filter"": true, ""volume_ratio_min"": 1.2}"
B-ZEC_USDT-1790611200000--1,2026-09-28T16:05:08.177975+00:00,2026-09-28T16:00:00+00:00,B-ZEC_USDT,SHORT,-1,SHORT,24.0,REJECTED,DAILY_LOSS_LOCK,1514.22,1514.22,1514.23,0.0660403836945692,TW_FILTERED_PLUS_AI,"{""atr_expansion_min"": 1.1, ""cooldown_bars"": 3, ""ema_distance_min"": 0.003, ""ema_filter"": true, ""ema_length"": 200, ""hull_length"": 8, ""rsi_filter"": false, ""slope_filter"": true, ""volume_ratio_min"": 1.2}"
B-SOL_USDT-1790615400000-1,2026-09-28T17:15:08.210064+00:00,2026-09-28T17:10:00+00:00,B-SOL_USDT,LONG,1,LONG,92.0,REJECTED,DAILY_LOSS_LOCK,120.46,120.45,120.46,0.830185546468881,TW_FILTERED_PLUS_AI,"{""atr_expansion_min"": 1.1, ""cooldown_bars"": 3, ""ema_distance_min"": 0.003, ""ema_filter"": true, ""ema_length"": 200, ""hull_length"": 8, ""rsi_filter"": false, ""slope_filter"": true, ""volume_ratio_min"": 1.2}"
B-CL_USDT-1790615400000--1,2026-09-28T17:15:08.568338+00:00,2026-09-28T17:10:00+00:00,B-CL_USDT,SHORT,-1,SHORT,34.0,REJECTED,DAILY_LOSS_LOCK,91.4,91.4,91.41,1.0940320551382205,TW_FILTERED_PLUS_AI,"{""atr_expansion_min"": 1.1, ""cooldown_bars"": 3, ""ema_distance_min"": 0.003, ""ema_filter"": true, ""ema_length"": 200, ""hull_length"": 8, ""rsi_filter"": false, ""slope_filter"": true, ""volume_ratio_min"": 1.2}"
B-BZ_USDT-1790615400000--1,2026-09-28T17:15:08.978923+00:00,2026-09-28T17:10:00+00:00,B-BZ_USDT,SHORT,-1,SHORT,34.0,REJECTED,DAILY_LOSS_LOCK,96.43,96.43,96.44,1.036967905842371,TW_FILTERED_PLUS_AI,"{""atr_expansion_min"": 1.1, ""cooldown_bars"": 3, ""ema_distance_min"": 0.003, ""ema_filter"": true, ""ema_length"": 200, ""hull_length"": 8, ""rsi_filter"": false, ""slope_filter"": true, ""volume_ratio_min"": 1.2}"
B-CL_USDT-1790632800000--1,2026-09-28T22:05:06.862035+00:00,2026-09-28T22:00:00+00:00,B-CL_USDT,SHORT,-1,LONG,92.0,REJECTED,DAILY_LOSS_LOCK,93.38,93.38,93.39,1.0708357873325605,TW_FILTERED_PLUS_AI,"{""atr_expansion_min"": 1.1, ""cooldown_bars"": 3, ""ema_distance_min"": 0.003, ""ema_filter"": true, ""ema_length"": 200, ""hull_length"": 8, ""rsi_filter"": false, ""slope_filter"": true, ""volume_ratio_min"": 1.2}"
B-LINK_USDT-1790641800000-1,2026-09-29T00:35:09.675576+00:00,2026-09-29T00:30:00+00:00,B-LINK_USDT,LONG,1,LONG,82.0,REJECTED,DAILY_LOSS_LOCK,15.731,15.73,15.731,0.6357077015984526,TW_FILTERED_PLUS_AI,"{""atr_expansion_min"": 1.1, ""cooldown_bars"": 3, ""ema_distance_min"": 0.003, ""ema_filter"": true, ""ema_length"": 200, ""hull_length"": 8, ""rsi_filter"": false, ""slope_filter"": true, ""volume_ratio_min"": 1.2}"
B-ONDO_USDT-1790641800000-1,2026-09-29T00:35:10.035794+00:00,2026-09-29T00:30:00+00:00,B-ONDO_USDT,LONG,1,LONG,92.0,REJECTED,DAILY_LOSS_LOCK,0.5255,0.5254,0.5255,1.9031306499189076,TW_FILTERED_PLUS_AI,"{""atr_expansion_min"": 1.1, ""cooldown_bars"": 3, ""ema_distance_min"": 0.003, ""ema_filter"": true, ""ema_length"": 200, ""hull_length"": 8, ""rsi_filter"": false, ""slope_filter"": true, ""volume_ratio_min"": 1.2}"
B-AVAX_USDT-1790641800000-1,2026-09-29T00:35:10.469142+00:00,2026-09-29T00:30:00+00:00,B-AVAX_USDT,LONG,1,LONG,82.0,REJECTED,DAILY_LOSS_LOCK,10.838,10.837,10.838,0.9227220299879547,TW_FILTERED_PLUS_AI,"{""atr_expansion_min"": 1.1, ""cooldown_bars"": 3, ""ema_distance_min"": 0.003, ""ema_filter"": true, ""ema_length"": 200, ""hull_length"": 8, ""rsi_filter"": false, ""slope_filter"": true, ""volume_ratio_min"": 1.2}"
B-XAU_USDT-1790642700000--1,2026-09-29T00:50:03.993149+00:00,2026-09-29T00:45:00+00:00,B-XAU_USDT,SHORT,-1,SHORT,24.0,REJECTED,DAILY_LOSS_LOCK,4122.3,4122.3,4122.31,0.024258272981301184,TW_FILTERED_PLUS_AI,"{""atr_expansion_min"": 1.1, ""cooldown_bars"": 3, ""ema_distance_min"": 0.003, ""ema_filter"": true, ""ema_length"": 200, ""hull_length"": 8, ""rsi_filter"": false, ""slope_filter"": true, ""volume_ratio_min"": 1.2}"
B-XAG_USDT-1790642700000--1,2026-09-29T00:50:04.319160+00:00,2026-09-29T00:45:00+00:00,B-XAG_USDT,SHORT,-1,SHORT,24.0,REJECTED,DAILY_LOSS_LOCK,60.71,60.71,60.72,1.6470394465944183,TW_FILTERED_PLUS_AI,"{""atr_expansion_min"": 1.1, ""cooldown_bars"": 3, ""ema_distance_min"": 0.003, ""ema_filter"": true, ""ema_length"": 200, ""hull_length"": 8, ""rsi_filter"": false, ""slope_filter"": true, ""volume_ratio_min"": 1.2}"
B-MARSCOIN_USDT-1790646600000-1,2026-09-29T01:55:10.658072+00:00,2026-09-29T01:50:00+00:00,B-MARSCOIN_USDT,LONG,1,LONG,68.0,REJECTED,DAILY_LOSS_LOCK,0.15793,0.1579,0.15793,1.8997561979529807,TW_FILTERED_PLUS_AI,"{""atr_expansion_min"": 1.1, ""cooldown_bars"": 3, ""ema_distance_min"": 0.003, ""ema_filter"": true, ""ema_length"": 200, ""hull_length"": 8, ""rsi_filter"": false, ""slope_filter"": true, ""volume_ratio_min"": 1.2}"
B-SUI_USDT-1790647500000--1,2026-09-29T02:10:10.716148+00:00,2026-09-29T02:05:00+00:00,B-SUI_USDT,SHORT,-1,SHORT,24.0,REJECTED,DAILY_LOSS_LOCK,1.1121,1.1121,1.1122,0.8991592860674277,TW_FILTERED_PLUS_AI,"{""atr_expansion_min"": 1.1, ""cooldown_bars"": 3, ""ema_distance_min"": 0.003, ""ema_filter"": true, ""ema_length"": 200, ""hull_length"": 8, ""rsi_filter"": false, ""slope_filter"": true, ""volume_ratio_min"": 1.2}"
B-UNI_USDT-1790647500000--1,2026-09-29T02:10:11.502908+00:00,2026-09-29T02:05:00+00:00,B-UNI_USDT,SHORT,-1,SHORT,24.0,REJECTED,DAILY_LOSS_LOCK,8.558,8.558,8.559,1.1684290471454646,TW_FILTERED_PLUS_AI,"{""atr_expansion_min"": 1.1, ""cooldown_bars"": 3, ""ema_distance_min"": 0.003, ""ema_filter"": true, ""ema_length"": 200, ""hull_length"": 8, ""rsi_filter"": false, ""slope_filter"": true, ""volume_ratio_min"": 1.2}"
B-WLD_USDT-1790647500000--1,2026-09-29T02:10:11.798606+00:00,2026-09-29T02:05:00+00:00,B-WLD_USDT,SHORT,-1,SHORT,24.0,REJECTED,DAILY_LOSS_LOCK,0.4763,0.4763,0.4764,2.099296735593345,TW_FILTERED_PLUS_AI,"{""atr_expansion_min"": 1.1, ""cooldown_bars"": 3, ""ema_distance_min"": 0.003, ""ema_filter"": true, ""ema_length"": 200, ""hull_length"": 8, ""rsi_filter"": false, ""slope_filter"": true, ""volume_ratio_min"": 1.2}"
B-TAO_USDT-1790647500000--1,2026-09-29T02:10:12.168058+00:00,2026-09-29T02:05:00+00:00,B-TAO_USDT,SHORT,-1,SHORT,24.0,REJECTED,DAILY_LOSS_LOCK,297.94,297.94,297.95,0.335632415378372,TW_FILTERED_PLUS_AI,"{""atr_expansion_min"": 1.1, ""cooldown_bars"": 3, ""ema_distance_min"": 0.003, ""ema_filter"": true, ""ema_length"": 200, ""hull_length"": 8, ""rsi_filter"": false, ""slope_filter"": true, ""volume_ratio_min"": 1.2}"
B-DOGE_USDT-1790648400000--1,2026-09-29T02:25:05.441284+00:00,2026-09-29T02:20:00+00:00,B-DOGE_USDT,SHORT,-1,SHORT,24.0,REJECTED,DAILY_LOSS_LOCK,0.09219,0.09219,0.0922,1.084657519389338,TW_FILTERED_PLUS_AI,"{""atr_expansion_min"": 1.1, ""cooldown_bars"": 3, ""ema_distance_min"": 0.003, ""ema_filter"": true, ""ema_length"": 200, ""hull_length"": 8, ""rsi_filter"": false, ""slope_filter"": true, ""volume_ratio_min"": 1.2}"
B-MARSCOIN_USDT-1790648400000-1,2026-09-29T02:25:05.894942+00:00,2026-09-29T02:20:00+00:00,B-MARSCOIN_USDT,LONG,1,LONG,68.0,REJECTED,DAILY_LOSS_LOCK,0.15763,0.1576,0.15763,1.9033721409765725,TW_FILTERED_PLUS_AI,"{""atr_expansion_min"": 1.1, ""cooldown_bars"": 3, ""ema_distance_min"": 0.003, ""ema_filter"": true, ""ema_length"": 200, ""hull_length"": 8, ""rsi_filter"": false, ""slope_filter"": true, ""volume_ratio_min"": 1.2}"
B-MARSCOIN_USDT-1790649600000-1,2026-09-29T02:45:01.908402+00:00,2026-09-29T02:40:00+00:00,B-MARSCOIN_USDT,LONG,1,LONG,68.0,REJECTED,DAILY_LOSS_LOCK,0.15922,0.15921,0.15922,0.6280815249825707,TW_FILTERED_PLUS_AI,"{""atr_expansion_min"": 1.1, ""cooldown_bars"": 3, ""ema_distance_min"": 0.003, ""ema_filter"": true, ""ema_length"": 200, ""hull_length"": 8, ""rsi_filter"": false, ""slope_filter"": true, ""volume_ratio_min"": 1.2}"
B-PUMP_USDT-1790660100000--1,2026-09-29T05:40:02.645388+00:00,2026-09-29T05:35:00+00:00,B-PUMP_USDT,SHORT,-1,LONG,68.0,REJECTED,DAILY_LOSS_LOCK,0.00486,0.00486,0.004861,2.0574015019033696,TW_FILTERED_PLUS_AI,"{""atr_expansion_min"": 1.1, ""cooldown_bars"": 3, ""ema_distance_min"": 0.003, ""ema_filter"": true, ""ema_length"": 200, ""hull_length"": 8, ""rsi_filter"": false, ""slope_filter"": true, ""volume_ratio_min"": 1.2}"
B-BZ_USDT-1790669700000--1,2026-09-29T08:20:14.163790+00:00,2026-09-29T08:15:00+00:00,B-BZ_USDT,SHORT,-1,SHORT,34.0,REJECTED,DAILY_LOSS_LOCK,98.07,98.07,98.08,1.0196278358404403,TW_FILTERED_PLUS_AI,"{""atr_expansion_min"": 1.1, ""cooldown_bars"": 3, ""ema_distance_min"": 0.003, ""ema_filter"": true, ""ema_length"": 200, ""hull_length"": 8, ""rsi_filter"": false, ""slope_filter"": true, ""volume_ratio_min"": 1.2}"
B-CL_USDT-1790682300000--1,2026-09-29T11:50:07.068911+00:00,2026-09-29T11:45:00+00:00,B-CL_USDT,SHORT,-1,SHORT,34.0,REJECTED,DAILY_LOSS_LOCK,91.13,91.13,91.14,1.0972732759099266,TW_FILTERED_PLUS_AI,"{""atr_expansion_min"": 1.1, ""cooldown_bars"": 3, ""ema_distance_min"": 0.003, ""ema_filter"": true, ""ema_length"": 200, ""hull_length"": 8, ""rsi_filter"": false, ""slope_filter"": true, ""volume_ratio_min"": 1.2}"
B-BZ_USDT-1790682300000--1,2026-09-29T11:50:07.411624+00:00,2026-09-29T11:45:00+00:00,B-BZ_USDT,SHORT,-1,SHORT,34.0,REJECTED,DAILY_LOSS_LOCK,96.39,96.39,96.4,1.0373982053016353,TW_FILTERED_PLUS_AI,"{""atr_expansion_min"": 1.1, ""cooldown_bars"": 3, ""ema_distance_min"": 0.003, ""ema_filter"": true, ""ema_length"": 200, ""hull_length"": 8, ""rsi_filter"": false, ""slope_filter"": true, ""volume_ratio_min"": 1.2}"
B-ETH_USDT-1790684100000-1,2026-09-29T12:20:13.448643+00:00,2026-09-29T12:15:00+00:00,B-ETH_USDT,LONG,1,LONG,92.0,REJECTED,DAILY_LOSS_LOCK,2733.77,2733.76,2733.77,0.03657958895429392,TW_FILTERED_PLUS_AI,"{""atr_expansion_min"": 1.1, ""cooldown_bars"": 3, ""ema_distance_min"": 0.003, ""ema_filter"": true, ""ema_length"": 200, ""hull_length"": 8, ""rsi_filter"": false, ""slope_filter"": true, ""volume_ratio_min"": 1.2}"
B-AAVE_USDT-1790684100000-1,2026-09-29T12:20:13.875937+00:00,2026-09-29T12:15:00+00:00,B-AAVE_USDT,LONG,1,LONG,82.0,REJECTED,DAILY_LOSS_LOCK,173.48,173.47,173.48,0.5764519383191183,TW_FILTERED_PLUS_AI,"{""atr_expansion_min"": 1.1, ""cooldown_bars"": 3, ""ema_distance_min"": 0.003, ""ema_filter"": true, ""ema_length"": 200, ""hull_length"": 8, ""rsi_filter"": false, ""slope_filter"": true, ""volume_ratio_min"": 1.2}"
B-SOL_USDT-1790685000000-1,2026-09-29T12:35:01.022745+00:00,2026-09-29T12:30:00+00:00,B-SOL_USDT,LONG,1,LONG,92.0,REJECTED,DAILY_LOSS_LOCK,120.27,120.26,120.27,0.8314971105467847,TW_FILTERED_PLUS_AI,"{""atr_expansion_min"": 1.1, ""cooldown_bars"": 3, ""ema_distance_min"": 0.003, ""ema_filter"": true, ""ema_length"": 200, ""hull_length"": 8, ""rsi_filter"": false, ""slope_filter"": true, ""volume_ratio_min"": 1.2}"
B-XRP_USDT-1790685000000-1,2026-09-29T12:35:01.901036+00:00,2026-09-29T12:30:00+00:00,B-XRP_USDT,LONG,1,LONG,82.0,REJECTED,DAILY_LOSS_LOCK,1.5362,1.5361,1.5362,0.6509780945870454,TW_FILTERED_PLUS_AI,"{""atr_expansion_min"": 1.1, ""cooldown_bars"": 3, ""ema_distance_min"": 0.003, ""ema_filter"": true, ""ema_length"": 200, ""hull_length"": 8, ""rsi_filter"": false, ""slope_filter"": true, ""volume_ratio_min"": 1.2}"
B-BTC_USDT-1790685300000-1,2026-09-29T12:40:11.913483+00:00,2026-09-29T12:35:00+00:00,B-BTC_USDT,LONG,1,LONG,92.0,REJECTED,DAILY_LOSS_LOCK,84346.0,84345.9,84346.0,0.011855933806640481,TW_FILTERED_PLUS_AI,"{""atr_expansion_min"": 1.1, ""cooldown_bars"": 3, ""ema_distance_min"": 0.003, ""ema_filter"": true, ""ema_length"": 200, ""hull_length"": 8, ""rsi_filter"": false, ""slope_filter"": true, ""volume_ratio_min"": 1.2}"
B-BNB_USDT-1790685300000-1,2026-09-29T12:40:12.321431+00:00,2026-09-29T12:35:00+00:00,B-BNB_USDT,LONG,1,LONG,92.0,REJECTED,DAILY_LOSS_LOCK,767.0,766.99,767.0,0.1303789464076155,TW_FILTERED_PLUS_AI,"{""atr_expansion_min"": 1.1, ""cooldown_bars"": 3, ""ema_distance_min"": 0.003, ""ema_filter"": true, ""ema_length"": 200, ""hull_length"": 8, ""rsi_filter"": false, ""slope_filter"": true, ""volume_ratio_min"": 1.2}"
B-XLM_USDT-1790685300000-1,2026-09-29T12:40:12.636387+00:00,2026-09-29T12:35:00+00:00,B-XLM_USDT,LONG,1,LONG,92.0,REJECTED,DAILY_LOSS_LOCK,0.23341,0.2334,0.23341,0.42843983633641103,TW_FILTERED_PLUS_AI,"{""atr_expansion_min"": 1.1, ""cooldown_bars"": 3, ""ema_distance_min"": 0.003, ""ema_filter"": true, ""ema_length"": 200, ""hull_length"": 8, ""rsi_filter"": false, ""slope_filter"": true, ""volume_ratio_min"": 1.2}"
B-ADA_USDT-1790685300000-1,2026-09-29T12:40:12.941971+00:00,2026-09-29T12:35:00+00:00,B-ADA_USDT,LONG,1,LONG,92.0,REJECTED,DAILY_LOSS_LOCK,0.253,0.2529,0.253,3.953350464518244,TW_FILTERED_PLUS_AI,"{""atr_expansion_min"": 1.1, ""cooldown_bars"": 3, ""ema_distance_min"": 0.003, ""ema_filter"": true, ""ema_length"": 200, ""hull_length"": 8, ""rsi_filter"": false, ""slope_filter"": true, ""volume_ratio_min"": 1.2}"
B-HYPE_USDT-1790687400000-1,2026-09-29T13:16:11.152900+00:00,2026-09-29T13:10:00+00:00,B-HYPE_USDT,LONG,1,LONG,92.0,REJECTED,DAILY_LOSS_LOCK,88.463,88.462,88.463,0.11304224953969919,TW_FILTERED_PLUS_AI,"{""atr_expansion_min"": 1.1, ""cooldown_bars"": 3, ""ema_distance_min"": 0.003, ""ema_filter"": true, ""ema_length"": 200, ""hull_length"": 8, ""rsi_filter"": false, ""slope_filter"": true, ""volume_ratio_min"": 1.2}"
B-NEAR_USDT-1790688900000-1,2026-09-29T13:40:04.112949+00:00,2026-09-29T13:35:00+00:00,B-NEAR_USDT,LONG,1,LONG,92.0,REJECTED,DAILY_LOSS_LOCK,4.882,4.881,4.882,2.048550650413696,TW_FILTERED_PLUS_AI,"{""atr_expansion_min"": 1.1, ""cooldown_bars"": 3, ""ema_distance_min"": 0.003, ""ema_filter"": true, ""ema_length"": 200, ""hull_length"": 8, ""rsi_filter"": false, ""slope_filter"": true, ""volume_ratio_min"": 1.2}"
B-SOL_USDT-1790689800000-1,2026-09-29T13:55:07.340888+00:00,2026-09-29T13:50:00+00:00,B-SOL_USDT,LONG,1,LONG,92.0,REJECTED,DAILY_LOSS_LOCK,121.5,121.49,121.5,0.8230791390596416,TW_FILTERED_PLUS_AI,"{""atr_expansion_min"": 1.1, ""cooldown_bars"": 3, ""ema_distance_min"": 0.003, ""ema_filter"": true, ""ema_length"": 200, ""hull_length"": 8, ""rsi_filter"": false, ""slope_filter"": true, ""volume_ratio_min"": 1.2}"
B-XAU_USDT-1790689800000-1,2026-09-29T13:55:07.647762+00:00,2026-09-29T13:50:00+00:00,B-XAU_USDT,LONG,1,LONG,92.0,REJECTED,DAILY_LOSS_LOCK,4165.68,4165.67,4165.68,0.02400571336030362,TW_FILTERED_PLUS_AI,"{""atr_expansion_min"": 1.1, ""cooldown_bars"": 3, ""ema_distance_min"": 0.003, ""ema_filter"": true, ""ema_length"": 200, ""hull_length"": 8, ""rsi_filter"": false, ""slope_filter"": true, ""volume_ratio_min"": 1.2}"
B-TAO_USDT-1790689800000-1,2026-09-29T13:55:08.651255+00:00,2026-09-29T13:50:00+00:00,B-TAO_USDT,LONG,1,LONG,92.0,REJECTED,DAILY_LOSS_LOCK,315.69,315.68,315.69,0.3167714652261243,TW_FILTERED_PLUS_AI,"{""atr_expansion_min"": 1.1, ""cooldown_bars"": 3, ""ema_distance_min"": 0.003, ""ema_filter"": true, ""ema_length"": 200, ""hull_length"": 8, ""rsi_filter"": false, ""slope_filter"": true, ""volume_ratio_min"": 1.2}"
B-NEAR_USDT-1790691300000-1,2026-09-29T14:20:01.928342+00:00,2026-09-29T14:15:00+00:00,B-NEAR_USDT,LONG,1,LONG,92.0,REJECTED,DAILY_LOSS_LOCK,5.039,5.038,5.039,1.9847176739097863,TW_FILTERED_PLUS_AI,"{""atr_expansion_min"": 1.1, ""cooldown_bars"": 3, ""ema_distance_min"": 0.003, ""ema_filter"": true, ""ema_length"": 200, ""hull_length"": 8, ""rsi_filter"": false, ""slope_filter"": true, ""volume_ratio_min"": 1.2}"
B-WLD_USDT-1790691300000-1,2026-09-29T14:20:02.399800+00:00,2026-09-29T14:15:00+00:00,B-WLD_USDT,LONG,1,LONG,92.0,REJECTED,DAILY_LOSS_LOCK,0.5037,0.5036,0.5037,1.9855058076042684,TW_FILTERED_PLUS_AI,"{""atr_expansion_min"": 1.1, ""cooldown_bars"": 3, ""ema_distance_min"": 0.003, ""ema_filter"": true, ""ema_length"": 200, ""hull_length"": 8, ""rsi_filter"": false, ""slope_filter"": true, ""volume_ratio_min"": 1.2}"
B-CL_USDT-1790692800000--1,2026-09-29T14:45:04.324856+00:00,2026-09-29T14:40:00+00:00,B-CL_USDT,SHORT,-1,LONG,68.0,REJECTED,DAILY_LOSS_LOCK,91.07,91.07,91.08,1.0979961570140124,TW_FILTERED_PLUS_AI,"{""atr_expansion_min"": 1.1, ""cooldown_bars"": 3, ""ema_distance_min"": 0.003, ""ema_filter"": true, ""ema_length"": 200, ""hull_length"": 8, ""rsi_filter"": false, ""slope_filter"": true, ""volume_ratio_min"": 1.2}"
B-XAU_USDT-1790696700000-1,2026-09-29T15:50:25.020834+00:00,2026-09-29T15:45:00+00:00,B-XAU_USDT,LONG,1,NO TRADE,48.0,REJECTED,DAILY_LOSS_LOCK,4163.95,4163.94,4163.95,0.02401568704730317,TW_FILTERED_PLUS_AI,"{""atr_expansion_min"": 1.1, ""cooldown_bars"": 3, ""ema_distance_min"": 0.003, ""ema_filter"": true, ""ema_length"": 200, ""hull_length"": 8, ""rsi_filter"": false, ""slope_filter"": true, ""volume_ratio_min"": 1.2}"
B-ETH_USDT-1790697000000--1,2026-09-29T15:56:03.323481+00:00,2026-09-29T15:50:00+00:00,B-ETH_USDT,SHORT,-1,SHORT,34.0,REJECTED,DAILY_LOSS_LOCK,2671.8,2671.8,2671.81,0.03742788115062114,TW_FILTERED_PLUS_AI,"{""atr_expansion_min"": 1.1, ""cooldown_bars"": 3, ""ema_distance_min"": 0.003, ""ema_filter"": true, ""ema_length"": 200, ""hull_length"": 8, ""rsi_filter"": false, ""slope_filter"": true, ""volume_ratio_min"": 1.2}"
B-UNI_USDT-1790697000000--1,2026-09-29T15:56:03.734726+00:00,2026-09-29T15:50:00+00:00,B-UNI_USDT,SHORT,-1,SHORT,24.0,REJECTED,DAILY_LOSS_LOCK,8.845,8.845,8.846,1.130518342659483,TW_FILTERED_PLUS_AI,"{""atr_expansion_min"": 1.1, ""cooldown_bars"": 3, ""ema_distance_min"": 0.003, ""ema_filter"": true, ""ema_length"": 200, ""hull_length"": 8, ""rsi_filter"": false, ""slope_filter"": true, ""volume_ratio_min"": 1.2}"
B-ONDO_USDT-1790697000000--1,2026-09-29T15:56:04.083201+00:00,2026-09-29T15:50:00+00:00,B-ONDO_USDT,SHORT,-1,SHORT,24.0,REJECTED,DAILY_LOSS_LOCK,0.5073,0.5073,0.5074,1.9710259189906176,TW_FILTERED_PLUS_AI,"{""atr_expansion_min"": 1.1, ""cooldown_bars"": 3, ""ema_distance_min"": 0.003, ""ema_filter"": true, ""ema_length"": 200, ""hull_length"": 8, ""rsi_filter"": false, ""slope_filter"": true, ""volume_ratio_min"": 1.2}"
B-SUI_USDT-1790697300000--1,2026-09-29T16:00:01.938616+00:00,2026-09-29T15:55:00+00:00,B-SUI_USDT,SHORT,-1,SHORT,24.0,REJECTED,DAILY_LOSS_LOCK,1.1377,1.1377,1.1378,0.8789277081959039,TW_FILTERED_PLUS_AI,"{""atr_expansion_min"": 1.1, ""cooldown_bars"": 3, ""ema_distance_min"": 0.003, ""ema_filter"": true, ""ema_length"": 200, ""hull_length"": 8, ""rsi_filter"": false, ""slope_filter"": true, ""volume_ratio_min"": 1.2}"
B-XAG_USDT-1790706900000-1,2026-09-29T18:40:04.579210+00:00,2026-09-29T18:35:00+00:00,B-XAG_USDT,LONG,1,LONG,92.0,REJECTED,DAILY_LOSS_LOCK,61.5,61.49,61.5,1.626148467354746,TW_FILTERED_PLUS_AI,"{""atr_expansion_min"": 1.1, ""cooldown_bars"": 3, ""ema_distance_min"": 0.003, ""ema_filter"": true, ""ema_length"": 200, ""hull_length"": 8, ""rsi_filter"": false, ""slope_filter"": true, ""volume_ratio_min"": 1.2}"
B-ENA_USDT-1790727000000--1,2026-09-30T00:15:03.316710+00:00,2026-09-30T00:10:00+00:00,B-ENA_USDT,SHORT,-1,SHORT,24.0,REJECTED,DAILY_LOSS_LOCK,0.24639,0.24639,0.2464,0.40585239148562274,TW_FILTERED_PLUS_AI,"{""atr_expansion_min"": 1.1, ""cooldown_bars"": 3, ""ema_distance_min"": 0.003, ""ema_filter"": true, ""ema_length"": 200, ""hull_length"": 8, ""rsi_filter"": false, ""slope_filter"": true, ""volume_ratio_min"": 1.2}"
B-0G_USDT-1790728200000-1,2026-09-30T00:35:15.726899+00:00,2026-09-30T00:30:00+00:00,B-0G_USDT,LONG,1,LONG,68.0,REJECTED,DAILY_LOSS_LOCK,0.3331,0.333,0.3331,3.0025521693436112,TW_FILTERED_PLUS_AI,"{""atr_expansion_min"": 1.1, ""cooldown_bars"": 3, ""ema_distance_min"": 0.003, ""ema_filter"": true, ""ema_length"": 200, ""hull_length"": 8, ""rsi_filter"": false, ""slope_filter"": true, ""volume_ratio_min"": 1.2}"
B-SUI_USDT-1790730000000-1,2026-09-30T01:05:05.959009+00:00,2026-09-30T01:00:00+00:00,B-SUI_USDT,LONG,1,LONG,68.0,REJECTED,DAILY_LOSS_LOCK,1.1557,1.1556,1.1557,0.8653138926144506,TW_FILTERED_PLUS_AI,"{""atr_expansion_min"": 1.1, ""cooldown_bars"": 3, ""ema_distance_min"": 0.003, ""ema_filter"": true, ""ema_length"": 200, ""hull_length"": 8, ""rsi_filter"": false, ""slope_filter"": true, ""volume_ratio_min"": 1.2}"
B-ETH_USDT-1790731800000--1,2026-09-30T01:35:14.173088+00:00,2026-09-30T01:30:00+00:00,B-ETH_USDT,SHORT,-1,SHORT,24.0,REJECTED,DAILY_LOSS_LOCK,2667.45,2667.45,2667.46,0.037488917339630015,TW_FILTERED_PLUS_AI,"{""atr_expansion_min"": 1.1, ""cooldown_bars"": 3, ""ema_distance_min"": 0.003, ""ema_filter"": true, ""ema_length"": 200, ""hull_length"": 8, ""rsi_filter"": false, ""slope_filter"": true, ""volume_ratio_min"": 1.2}"
B-XRP_USDT-1790731800000--1,2026-09-30T01:35:14.489479+00:00,2026-09-30T01:30:00+00:00,B-XRP_USDT,SHORT,-1,LONG,68.0,REJECTED,DAILY_LOSS_LOCK,1.4934,1.4934,1.4935,0.6695905453814254,TW_FILTERED_PLUS_AI,"{""atr_expansion_min"": 1.1, ""cooldown_bars"": 3, ""ema_distance_min"": 0.003, ""ema_filter"": true, ""ema_length"": 200, ""hull_length"": 8, ""rsi_filter"": false, ""slope_filter"": true, ""volume_ratio_min"": 1.2}"
B-DOGE_USDT-1790731800000--1,2026-09-30T01:35:14.803975+00:00,2026-09-30T01:30:00+00:00,B-DOGE_USDT,SHORT,-1,SHORT,24.0,REJECTED,DAILY_LOSS_LOCK,0.09368,0.09368,0.09369,1.0674067353360863,TW_FILTERED_PLUS_AI,"{""atr_expansion_min"": 1.1, ""cooldown_bars"": 3, ""ema_distance_min"": 0.003, ""ema_filter"": true, ""ema_length"": 200, ""hull_length"": 8, ""rsi_filter"": false, ""slope_filter"": true, ""volume_ratio_min"": 1.2}"
B-WLD_USDT-1790733900000-1,2026-09-30T02:10:13.149631+00:00,2026-09-30T02:05:00+00:00,B-WLD_USDT,LONG,1,LONG,92.0,REJECTED,DAILY_LOSS_LOCK,0.4962,0.4961,0.4962,2.0155195001509423,TW_FILTERED_PLUS_AI,"{""atr_expansion_min"": 1.1, ""cooldown_bars"": 3, ""ema_distance_min"": 0.003, ""ema_filter"": true, ""ema_length"": 200, ""hull_length"": 8, ""rsi_filter"": false, ""slope_filter"": true, ""volume_ratio_min"": 1.2}"
B-ZEC_USDT-1790755500000--1,2026-09-30T08:10:03.805664+00:00,2026-09-30T08:05:00+00:00,B-ZEC_USDT,SHORT,-1,LONG,68.0,REJECTED,DAILY_LOSS_LOCK,1403.87,1403.87,1403.88,0.07123141305471127,TW_FILTERED_PLUS_AI,"{""atr_expansion_min"": 1.1, ""cooldown_bars"": 3, ""ema_distance_min"": 0.003, ""ema_filter"": true, ""ema_length"": 200, ""hull_length"": 8, ""rsi_filter"": false, ""slope_filter"": true, ""volume_ratio_min"": 1.2}"
B-ENA_USDT-1790756100000-1,2026-09-30T08:20:13.377263+00:00,2026-09-30T08:15:00+00:00,B-ENA_USDT,LONG,1,LONG,92.0,REJECTED,DAILY_LOSS_LOCK,0.25,0.24999,0.25,0.4000080001604032,TW_FILTERED_PLUS_AI,"{""atr_expansion_min"": 1.1, ""cooldown_bars"": 3, ""ema_distance_min"": 0.003, ""ema_filter"": true, ""ema_length"": 200, ""hull_length"": 8, ""rsi_filter"": false, ""slope_filter"": true, ""volume_ratio_min"": 1.2}"
B-ENA_USDT-1790757900000-1,2026-09-30T08:50:13.230807+00:00,2026-09-30T08:45:00+00:00,B-ENA_USDT,LONG,1,LONG,82.0,REJECTED,DAILY_LOSS_LOCK,0.25833,0.25832,0.25833,0.3871092615894706,TW_FILTERED_PLUS_AI,"{""atr_expansion_min"": 1.1, ""cooldown_bars"": 3, ""ema_distance_min"": 0.003, ""ema_filter"": true, ""ema_length"": 200, ""hull_length"": 8, ""rsi_filter"": false, ""slope_filter"": true, ""volume_ratio_min"": 1.2}"
B-TAO_USDT-1790770800000-1,2026-09-30T12:25:12.926788+00:00,2026-09-30T12:20:00+00:00,B-TAO_USDT,LONG,1,LONG,92.0,REJECTED,DAILY_LOSS_LOCK,307.42,307.41,307.42,0.3252931704695901,TW_FILTERED_PLUS_AI,"{""atr_expansion_min"": 1.1, ""cooldown_bars"": 3, ""ema_distance_min"": 0.003, ""ema_filter"": true, ""ema_length"": 200, ""hull_length"": 8, ""rsi_filter"": false, ""slope_filter"": true, ""volume_ratio_min"": 1.2}"
B-XRP_USDT-1790771400000-1,2026-09-30T12:35:49.419293+00:00,2026-09-30T12:30:00+00:00,B-XRP_USDT,LONG,1,LONG,82.0,REJECTED,DAILY_LOSS_LOCK,1.5314,1.5313,1.5314,0.6530185783784829,TW_FILTERED_PLUS_AI,"{""atr_expansion_min"": 1.1, ""cooldown_bars"": 3, ""ema_distance_min"": 0.003, ""ema_filter"": true, ""ema_length"": 200, ""hull_length"": 8, ""rsi_filter"": false, ""slope_filter"": true, ""volume_ratio_min"": 1.2}"
B-DOGE_USDT-1790771400000-1,2026-09-30T12:35:50.213949+00:00,2026-09-30T12:30:00+00:00,B-DOGE_USDT,LONG,1,LONG,82.0,REJECTED,DAILY_LOSS_LOCK,0.09736,0.09735,0.09736,1.0271686097268886,TW_FILTERED_PLUS_AI,"{""atr_expansion_min"": 1.1, ""cooldown_bars"": 3, ""ema_distance_min"": 0.003, ""ema_filter"": true, ""ema_length"": 200, ""hull_length"": 8, ""rsi_filter"": false, ""slope_filter"": true, ""volume_ratio_min"": 1.2}"
B-SUI_USDT-1790771400000-1,2026-09-30T12:35:50.502455+00:00,2026-09-30T12:30:00+00:00,B-SUI_USDT,LONG,1,LONG,68.0,REJECTED,DAILY_LOSS_LOCK,1.1752,1.1751,1.1752,0.8509551972087733,TW_FILTERED_PLUS_AI,"{""atr_expansion_min"": 1.1, ""cooldown_bars"": 3, ""ema_distance_min"": 0.003, ""ema_filter"": true, ""ema_length"": 200, ""hull_length"": 8, ""rsi_filter"": false, ""slope_filter"": true, ""volume_ratio_min"": 1.2}"
B-WLD_USDT-1790771400000-1,2026-09-30T12:35:50.782738+00:00,2026-09-30T12:30:00+00:00,B-WLD_USDT,LONG,1,LONG,92.0,REJECTED,DAILY_LOSS_LOCK,0.5446,0.5445,0.5446,1.836378661279754,TW_FILTERED_PLUS_AI,"{""atr_expansion_min"": 1.1, ""cooldown_bars"": 3, ""ema_distance_min"": 0.003, ""ema_filter"": true, ""ema_length"": 200, ""hull_length"": 8, ""rsi_filter"": false, ""slope_filter"": true, ""volume_ratio_min"": 1.2}"
B-HBAR_USDT-1790771400000-1,2026-09-30T12:35:51.044463+00:00,2026-09-30T12:30:00+00:00,B-HBAR_USDT,LONG,1,LONG,92.0,REJECTED,DAILY_LOSS_LOCK,0.10915,0.10914,0.10915,0.916212378028872,TW_FILTERED_PLUS_AI,"{""atr_expansion_min"": 1.1, ""cooldown_bars"": 3, ""ema_distance_min"": 0.003, ""ema_filter"": true, ""ema_length"": 200, ""hull_length"": 8, ""rsi_filter"": false, ""slope_filter"": true, ""volume_ratio_min"": 1.2}"
B-BNB_USDT-1790771400000-1,2026-09-30T12:35:51.355153+00:00,2026-09-30T12:30:00+00:00,B-BNB_USDT,LONG,1,LONG,92.0,REJECTED,DAILY_LOSS_LOCK,775.36,775.35,775.36,0.12897318002709604,TW_FILTERED_PLUS_AI,"{""atr_expansion_min"": 1.1, ""cooldown_bars"": 3, ""ema_distance_min"": 0.003, ""ema_filter"": true, ""ema_length"": 200, ""hull_length"": 8, ""rsi_filter"": false, ""slope_filter"": true, ""volume_ratio_min"": 1.2}"
B-UNI_USDT-1790771400000-1,2026-09-30T12:35:52.102043+00:00,2026-09-30T12:30:00+00:00,B-UNI_USDT,LONG,1,LONG,92.0,REJECTED,DAILY_LOSS_LOCK,9.035,9.034,9.035,1.1068681166632859,TW_FILTERED_PLUS_AI,"{""atr_expansion_min"": 1.1, ""cooldown_bars"": 3, ""ema_distance_min"": 0.003, ""ema_filter"": true, ""ema_length"": 200, ""hull_length"": 8, ""rsi_filter"": false, ""slope_filter"": true, ""volume_ratio_min"": 1.2}"
B-LINK_USDT-1790771400000-1,2026-09-30T12:35:52.428906+00:00,2026-09-30T12:30:00+00:00,B-LINK_USDT,LONG,1,LONG,82.0,REJECTED,DAILY_LOSS_LOCK,14.663,14.662,14.663,0.682011935208488,TW_FILTERED_PLUS_AI,"{""atr_expansion_min"": 1.1, ""cooldown_bars"": 3, ""ema_distance_min"": 0.003, ""ema_filter"": true, ""ema_length"": 200, ""hull_length"": 8, ""rsi_filter"": false, ""slope_filter"": true, ""volume_ratio_min"": 1.2}"
B-1000PEPE_USDT-1790771400000-1,2026-09-30T12:35:52.720007+00:00,2026-09-30T12:30:00+00:00,B-1000PEPE_USDT,LONG,1,LONG,92.0,REJECTED,DAILY_LOSS_LOCK,0.0044182,0.0044181,0.0044182,0.22633907857226693,TW_FILTERED_PLUS_AI,"{""atr_expansion_min"": 1.1, ""cooldown_bars"": 3, ""ema_distance_min"": 0.003, ""ema_filter"": true, ""ema_length"": 200, ""hull_length"": 8, ""rsi_filter"": false, ""slope_filter"": true, ""volume_ratio_min"": 1.2}"
B-PUMP_USDT-1790772300000--1,2026-09-30T12:50:03.124205+00:00,2026-09-30T12:45:00+00:00,B-PUMP_USDT,SHORT,-1,SHORT,24.0,REJECTED,DAILY_LOSS_LOCK,0.005742,0.005742,0.005743,1.7414018284721513,TW_FILTERED_PLUS_AI,"{""atr_expansion_min"": 1.1, ""cooldown_bars"": 3, ""ema_distance_min"": 0.003, ""ema_filter"": true, ""ema_length"": 200, ""hull_length"": 8, ""rsi_filter"": false, ""slope_filter"": true, ""volume_ratio_min"": 1.2}"
B-BTW_USDT-1790772300000--1,2026-09-30T12:50:03.494832+00:00,2026-09-30T12:45:00+00:00,B-BTW_USDT,SHORT,-1,LONG,68.0,REJECTED,DAILY_LOSS_LOCK,1.1791,1.1791,1.1792,0.8480685239366408,TW_FILTERED_PLUS_AI,"{""atr_expansion_min"": 1.1, ""cooldown_bars"": 3, ""ema_distance_min"": 0.003, ""ema_filter"": true, ""ema_length"": 200, ""hull_length"": 8, ""rsi_filter"": false, ""slope_filter"": true, ""volume_ratio_min"": 1.2}"
B-BZ_USDT-1790773500000-1,2026-09-30T13:10:01.791411+00:00,2026-09-30T13:05:00+00:00,B-BZ_USDT,LONG,1,LONG,92.0,REJECTED,DAILY_LOSS_LOCK,97.97,97.96,97.97,1.0207727249533114,TW_FILTERED_PLUS_AI,"{""atr_expansion_min"": 1.1, ""cooldown_bars"": 3, ""ema_distance_min"": 0.003, ""ema_filter"": true, ""ema_length"": 200, ""hull_length"": 8, ""rsi_filter"": false, ""slope_filter"": true, ""volume_ratio_min"": 1.2}"
B-ENA_USDT-1790775900000-1,2026-09-30T13:50:05.741413+00:00,2026-09-30T13:45:00+00:00,B-ENA_USDT,LONG,1,LONG,92.0,REJECTED,DAILY_LOSS_LOCK,0.26949,0.26948,0.26949,0.37107816761637946,TW_FILTERED_PLUS_AI,"{""atr_expansion_min"": 1.1, ""cooldown_bars"": 3, ""ema_distance_min"": 0.003, ""ema_filter"": true, ""ema_length"": 200, ""hull_length"": 8, ""rsi_filter"": false, ""slope_filter"": true, ""volume_ratio_min"": 1.2}"
B-CL_USDT-1790777700000-1,2026-09-30T14:20:14.760592+00:00,2026-09-30T14:15:00+00:00,B-CL_USDT,LONG,1,LONG,92.0,ACCEPTED,,91.23,91.22,91.23,1.0961907371888318,TW_FILTERED_PLUS_AI,"{""atr_expansion_min"": 1.1, ""cooldown_bars"": 3, ""ema_distance_min"": 0.003, ""ema_filter"": true, ""ema_length"": 200, ""hull_length"": 8, ""rsi_filter"": false, ""slope_filter"": true, ""volume_ratio_min"": 1.2}"
B-SOON_USDT-1790778600000-1,2026-09-30T14:35:05.533948+00:00,2026-09-30T14:30:00+00:00,B-SOON_USDT,LONG,1,LONG,92.0,REJECTED,POSITION_ALREADY_OPEN,0.4906,0.4905,0.4906,2.0385281826519006,TW_FILTERED_PLUS_AI,"{""atr_expansion_min"": 1.1, ""cooldown_bars"": 3, ""ema_distance_min"": 0.003, ""ema_filter"": true, ""ema_length"": 200, ""hull_length"": 8, ""rsi_filter"": false, ""slope_filter"": true, ""volume_ratio_min"": 1.2}"
B-XAU_USDT-1790780400000--1,2026-09-30T15:05:20.916846+00:00,2026-09-30T15:00:00+00:00,B-XAU_USDT,SHORT,-1,SHORT,24.0,REJECTED,POSITION_ALREADY_OPEN,4172.34,4172.34,4172.35,0.023967337313233396,TW_FILTERED_PLUS_AI,"{""atr_expansion_min"": 1.1, ""cooldown_bars"": 3, ""ema_distance_min"": 0.003, ""ema_filter"": true, ""ema_length"": 200, ""hull_length"": 8, ""rsi_filter"": false, ""slope_filter"": true, ""volume_ratio_min"": 1.2}"
B-AAVE_USDT-1790781300000--1,2026-09-30T15:20:41.629162+00:00,2026-09-30T15:15:00+00:00,B-AAVE_USDT,SHORT,-1,SHORT,34.0,REJECTED,POSITION_ALREADY_OPEN,158.04,158.04,158.05,0.6327311841576339,TW_FILTERED_PLUS_AI,"{""atr_expansion_min"": 1.1, ""cooldown_bars"": 3, ""ema_distance_min"": 0.003, ""ema_filter"": true, ""ema_length"": 200, ""hull_length"": 8, ""rsi_filter"": false, ""slope_filter"": true, ""volume_ratio_min"": 1.2}"
B-HYPE_USDT-1790781900000--1,2026-09-30T15:30:06.218985+00:00,2026-09-30T15:25:00+00:00,B-HYPE_USDT,SHORT,-1,SHORT,24.0,REJECTED,POSITION_ALREADY_OPEN,85.257,85.257,85.258,0.1172917338639491,TW_FILTERED_PLUS_AI,"{""atr_expansion_min"": 1.1, ""cooldown_bars"": 3, ""ema_distance_min"": 0.003, ""ema_filter"": true, ""ema_length"": 200, ""hull_length"": 8, ""rsi_filter"": false, ""slope_filter"": true, ""volume_ratio_min"": 1.2}"
B-BTW_USDT-1790786100000-1,2026-09-30T16:40:32.032399+00:00,2026-09-30T16:35:00+00:00,B-BTW_USDT,LONG,1,LONG,92.0,REJECTED,POSITION_ALREADY_OPEN,1.3003,1.3002,1.3003,0.7690828686790153,TW_FILTERED_PLUS_AI,"{""atr_expansion_min"": 1.1, ""cooldown_bars"": 3, ""ema_distance_min"": 0.003, ""ema_filter"": true, ""ema_length"": 200, ""hull_length"": 8, ""rsi_filter"": false, ""slope_filter"": true, ""volume_ratio_min"": 1.2}"
B-MOVR_USDT-1790803500000-1,2026-09-30T21:30:06.172702+00:00,2026-09-30T21:25:00+00:00,B-MOVR_USDT,LONG,1,LONG,82.0,ACCEPTED,,2.0355,2.0345,2.0355,4.914004914004373,TW_FILTERED_PLUS_AI,"{""atr_expansion_min"": 1.1, ""cooldown_bars"": 3, ""ema_distance_min"": 0.003, ""ema_filter"": true, ""ema_length"": 200, ""hull_length"": 8, ""rsi_filter"": false, ""slope_filter"": true, ""volume_ratio_min"": 1.2}"
B-XAU_USDT-1790815800000--1,2026-10-01T00:55:07.537578+00:00,2026-10-01T00:50:00+00:00,B-XAU_USDT,SHORT,-1,SHORT,24.0,ACCEPTED,,4145.99,4145.99,4146.0,0.024119662469969883,TW_FILTERED_PLUS_AI,"{""atr_expansion_min"": 1.1, ""cooldown_bars"": 3, ""ema_distance_min"": 0.003, ""ema_filter"": true, ""ema_length"": 200, ""hull_length"": 8, ""rsi_filter"": false, ""slope_filter"": true, ""volume_ratio_min"": 1.2}"
B-CL_USDT-1790816400000--1,2026-10-01T01:05:20.627780+00:00,2026-10-01T01:00:00+00:00,B-CL_USDT,SHORT,-1,SHORT,24.0,REJECTED,POSITION_ALREADY_OPEN,90.1,90.1,90.11,1.1098163253987146,TW_FILTERED_PLUS_AI,"{""atr_expansion_min"": 1.1, ""cooldown_bars"": 3, ""ema_distance_min"": 0.003, ""ema_filter"": true, ""ema_length"": 200, ""hull_length"": 8, ""rsi_filter"": false, ""slope_filter"": true, ""volume_ratio_min"": 1.2}"
B-ARK_USDT-1790816400000--1,2026-10-01T01:05:23.022160+00:00,2026-10-01T01:00:00+00:00,B-ARK_USDT,SHORT,-1,LONG,92.0,REJECTED,POSITION_ALREADY_OPEN,0.2641,0.2641,0.2642,3.7857278061703195,TW_FILTERED_PLUS_AI,"{""atr_expansion_min"": 1.1, ""cooldown_bars"": 3, ""ema_distance_min"": 0.003, ""ema_filter"": true, ""ema_length"": 200, ""hull_length"": 8, ""rsi_filter"": false, ""slope_filter"": true, ""volume_ratio_min"": 1.2}"
B-WLD_USDT-1790816700000-1,2026-10-01T01:10:25.241967+00:00,2026-10-01T01:05:00+00:00,B-WLD_USDT,LONG,1,LONG,92.0,REJECTED,POSITION_ALREADY_OPEN,0.5431,0.543,0.5431,1.8414510634377863,TW_FILTERED_PLUS_AI,"{""atr_expansion_min"": 1.1, ""cooldown_bars"": 3, ""ema_distance_min"": 0.003, ""ema_filter"": true, ""ema_length"": 200, ""hull_length"": 8, ""rsi_filter"": false, ""slope_filter"": true, ""volume_ratio_min"": 1.2}"
B-MOVR_USDT-1790819100000-1,2026-10-01T01:50:12.813814+00:00,2026-10-01T01:45:00+00:00,B-MOVR_USDT,LONG,1,LONG,92.0,ACCEPTED,,2.2984,2.298,2.2984,1.740492559394117,TW_FILTERED_PLUS_AI,"{""atr_expansion_min"": 1.1, ""cooldown_bars"": 3, ""ema_distance_min"": 0.003, ""ema_filter"": true, ""ema_length"": 200, ""hull_length"": 8, ""rsi_filter"": false, ""slope_filter"": true, ""volume_ratio_min"": 1.2}"
B-DOGE_USDT-1790820300000-1,2026-10-01T02:10:05.601474+00:00,2026-10-01T02:05:00+00:00,B-DOGE_USDT,LONG,1,LONG,92.0,ACCEPTED,,0.09496,0.09495,0.09496,1.0531304302033724,TW_FILTERED_PLUS_AI,"{""atr_expansion_min"": 1.1, ""cooldown_bars"": 3, ""ema_distance_min"": 0.003, ""ema_filter"": true, ""ema_length"": 200, ""hull_length"": 8, ""rsi_filter"": false, ""slope_filter"": true, ""volume_ratio_min"": 1.2}"
B-XAG_USDT-1790820900000-1,2026-10-01T02:20:20.685499+00:00,2026-10-01T02:15:00+00:00,B-XAG_USDT,LONG,1,LONG,92.0,REJECTED,POSITION_ALREADY_OPEN,60.84,60.83,60.84,1.6437905810808113,TW_FILTERED_PLUS_AI,"{""atr_expansion_min"": 1.1, ""cooldown_bars"": 3, ""ema_distance_min"": 0.003, ""ema_filter"": true, ""ema_length"": 200, ""hull_length"": 8, ""rsi_filter"": false, ""slope_filter"": true, ""volume_ratio_min"": 1.2}"
B-LINK_USDT-1790821800000-1,2026-10-01T02:35:06.725197+00:00,2026-10-01T02:30:00+00:00,B-LINK_USDT,LONG,1,LONG,68.0,REJECTED,POSITION_ALREADY_OPEN,14.463,14.462,14.463,0.6914433880722184,TW_FILTERED_PLUS_AI,"{""atr_expansion_min"": 1.1, ""cooldown_bars"": 3, ""ema_distance_min"": 0.003, ""ema_filter"": true, ""ema_length"": 200, ""hull_length"": 8, ""rsi_filter"": false, ""slope_filter"": true, ""volume_ratio_min"": 1.2}"
B-ADA_USDT-1790821800000-1,2026-10-01T02:35:08.018338+00:00,2026-10-01T02:30:00+00:00,B-ADA_USDT,LONG,1,LONG,92.0,REJECTED,POSITION_ALREADY_OPEN,0.2486,0.2485,0.2486,4.023335345000563,TW_FILTERED_PLUS_AI,"{""atr_expansion_min"": 1.1, ""cooldown_bars"": 3, ""ema_distance_min"": 0.003, ""ema_filter"": true, ""ema_length"": 200, ""hull_length"": 8, ""rsi_filter"": false, ""slope_filter"": true, ""volume_ratio_min"": 1.2}"
B-AAVE_USDT-1790821800000-1,2026-10-01T02:35:08.532307+00:00,2026-10-01T02:30:00+00:00,B-AAVE_USDT,LONG,1,LONG,82.0,REJECTED,POSITION_ALREADY_OPEN,162.62,162.61,162.62,0.614949420409612,TW_FILTERED_PLUS_AI,"{""atr_expansion_min"": 1.1, ""cooldown_bars"": 3, ""ema_distance_min"": 0.003, ""ema_filter"": true, ""ema_length"": 200, ""hull_length"": 8, ""rsi_filter"": false, ""slope_filter"": true, ""volume_ratio_min"": 1.2}"
B-SOON_USDT-1790822100000--1,2026-10-01T02:40:12.604660+00:00,2026-10-01T02:35:00+00:00,B-SOON_USDT,SHORT,-1,NO TRADE,58.0,REJECTED,POSITION_ALREADY_OPEN,0.4804,0.4804,0.4806,4.162330905307669,TW_FILTERED_PLUS_AI,"{""atr_expansion_min"": 1.1, ""cooldown_bars"": 3, ""ema_distance_min"": 0.003, ""ema_filter"": true, ""ema_length"": 200, ""hull_length"": 8, ""rsi_filter"": false, ""slope_filter"": true, ""volume_ratio_min"": 1.2}"
B-AVAX_USDT-1790825100000-1,2026-10-01T03:30:52.725057+00:00,2026-10-01T03:25:00+00:00,B-AVAX_USDT,LONG,1,LONG,92.0,REJECTED,POSITION_ALREADY_OPEN,11.051,11.05,11.051,0.9049364282154163,TW_FILTERED_PLUS_AI,"{""atr_expansion_min"": 1.1, ""cooldown_bars"": 3, ""ema_distance_min"": 0.003, ""ema_filter"": true, ""ema_length"": 200, ""hull_length"": 8, ""rsi_filter"": false, ""slope_filter"": true, ""volume_ratio_min"": 1.2}"
B-UNI_USDT-1790829900000-1,2026-10-01T04:50:07.633811+00:00,2026-10-01T04:45:00+00:00,B-UNI_USDT,LONG,1,LONG,92.0,ACCEPTED,,8.971,8.97,8.971,1.1147650632622994,TW_FILTERED_PLUS_AI,"{""atr_expansion_min"": 1.1, ""cooldown_bars"": 3, ""ema_distance_min"": 0.003, ""ema_filter"": true, ""ema_length"": 200, ""hull_length"": 8, ""rsi_filter"": false, ""slope_filter"": true, ""volume_ratio_min"": 1.2}"
B-BTW_USDT-1790829900000-1,2026-10-01T04:50:09.272996+00:00,2026-10-01T04:45:00+00:00,B-BTW_USDT,LONG,1,LONG,92.0,REJECTED,POSITION_ALREADY_OPEN,1.3683,1.3682,1.3683,0.730860588342693,TW_FILTERED_PLUS_AI,"{""atr_expansion_min"": 1.1, ""cooldown_bars"": 3, ""ema_distance_min"": 0.003, ""ema_filter"": true, ""ema_length"": 200, ""hull_length"": 8, ""rsi_filter"": false, ""slope_filter"": true, ""volume_ratio_min"": 1.2}"
B-MOVR_USDT-1790830800000-1,2026-10-01T05:05:18.840361+00:00,2026-10-01T05:00:00+00:00,B-MOVR_USDT,LONG,1,LONG,92.0,REJECTED,POSITION_ALREADY_OPEN,2.3172,2.3162,2.3172,4.316484654898494,TW_FILTERED_PLUS_AI,"{""atr_expansion_min"": 1.1, ""cooldown_bars"": 3, ""ema_distance_min"": 0.003, ""ema_filter"": true, ""ema_length"": 200, ""hull_length"": 8, ""rsi_filter"": false, ""slope_filter"": true, ""volume_ratio_min"": 1.2}"
B-BZ_USDT-1790836500000-1,2026-10-01T06:40:08.485375+00:00,2026-10-01T06:35:00+00:00,B-BZ_USDT,LONG,1,NO TRADE,58.0,REJECTED,AI_CONFLICT,97.96,97.95,97.96,1.0208769332847638,TW_FILTERED_PLUS_AI,"{""atr_expansion_min"": 1.1, ""cooldown_bars"": 3, ""ema_distance_min"": 0.003, ""ema_filter"": true, ""ema_length"": 200, ""hull_length"": 8, ""rsi_filter"": false, ""slope_filter"": true, ""volume_ratio_min"": 1.2}"
B-BTC_USDT-1790843400000--1,2026-10-01T08:35:04.112484+00:00,2026-10-01T08:30:00+00:00,B-BTC_USDT,SHORT,-1,SHORT,34.0,ACCEPTED,,83187.4,83187.4,83187.5,0.012021044040395609,TW_FILTERED_PLUS_AI,"{""atr_expansion_min"": 1.1, ""cooldown_bars"": 3, ""ema_distance_min"": 0.003, ""ema_filter"": true, ""ema_length"": 200, ""hull_length"": 8, ""rsi_filter"": false, ""slope_filter"": true, ""volume_ratio_min"": 1.2}"
B-XRP_USDT-1790843400000--1,2026-10-01T08:35:07.405308+00:00,2026-10-01T08:30:00+00:00,B-XRP_USDT,SHORT,-1,SHORT,24.0,REJECTED,POSITION_ALREADY_OPEN,1.481,1.481,1.4811,0.6751966510245365,TW_FILTERED_PLUS_AI,"{""atr_expansion_min"": 1.1, ""cooldown_bars"": 3, ""ema_distance_min"": 0.003, ""ema_filter"": true, ""ema_length"": 200, ""hull_length"": 8, ""rsi_filter"": false, ""slope_filter"": true, ""volume_ratio_min"": 1.2}"
B-WLD_USDT-1790843400000--1,2026-10-01T08:35:09.691189+00:00,2026-10-01T08:30:00+00:00,B-WLD_USDT,SHORT,-1,SHORT,24.0,REJECTED,POSITION_ALREADY_OPEN,0.5165,0.5165,0.5166,1.9359210144223986,TW_FILTERED_PLUS_AI,"{""atr_expansion_min"": 1.1, ""cooldown_bars"": 3, ""ema_distance_min"": 0.003, ""ema_filter"": true, ""ema_length"": 200, ""hull_length"": 8, ""rsi_filter"": false, ""slope_filter"": true, ""volume_ratio_min"": 1.2}"
B-PUMP_USDT-1790843400000--1,2026-10-01T08:35:10.785112+00:00,2026-10-01T08:30:00+00:00,B-PUMP_USDT,SHORT,-1,SHORT,34.0,REJECTED,POSITION_ALREADY_OPEN,0.00556,0.00556,0.005561,1.798399424512423,TW_FILTERED_PLUS_AI,"{""atr_expansion_min"": 1.1, ""cooldown_bars"": 3, ""ema_distance_min"": 0.003, ""ema_filter"": true, ""ema_length"": 200, ""hull_length"": 8, ""rsi_filter"": false, ""slope_filter"": true, ""volume_ratio_min"": 1.2}"
B-TAO_USDT-1790843400000--1,2026-10-01T08:35:14.160499+00:00,2026-10-01T08:30:00+00:00,B-TAO_USDT,SHORT,-1,SHORT,24.0,REJECTED,POSITION_ALREADY_OPEN,304.13,304.13,304.14,0.32880135466128213,TW_FILTERED_PLUS_AI,"{""atr_expansion_min"": 1.1, ""cooldown_bars"": 3, ""ema_distance_min"": 0.003, ""ema_filter"": true, ""ema_length"": 200, ""hull_length"": 8, ""rsi_filter"": false, ""slope_filter"": true, ""volume_ratio_min"": 1.2}"
B-UNI_USDT-1790846700000-1,2026-10-01T09:30:01.630517+00:00,2026-10-01T09:25:00+00:00,B-UNI_USDT,LONG,1,LONG,92.0,ACCEPTED,,9.073,9.072,9.073,1.1022320198415234,TW_FILTERED_PLUS_AI,"{""atr_expansion_min"": 1.1, ""cooldown_bars"": 3, ""ema_distance_min"": 0.003, ""ema_filter"": true, ""ema_length"": 200, ""hull_length"": 8, ""rsi_filter"": false, ""slope_filter"": true, ""volume_ratio_min"": 1.2}"
B-QNT_USDT-1790852100000--1,2026-10-01T11:00:15.954839+00:00,2026-10-01T10:55:00+00:00,B-QNT_USDT,SHORT,-1,SHORT,24.0,ACCEPTED,,279.48,279.48,279.5,0.7155891087331142,TW_FILTERED_PLUS_AI,"{""atr_expansion_min"": 1.1, ""cooldown_bars"": 3, ""ema_distance_min"": 0.003, ""ema_filter"": true, ""ema_length"": 200, ""hull_length"": 8, ""rsi_filter"": false, ""slope_filter"": true, ""volume_ratio_min"": 1.2}"
B-QNT_USDT-1790854500000--1,2026-10-01T11:40:31.340788+00:00,2026-10-01T11:35:00+00:00,B-QNT_USDT,SHORT,-1,SHORT,34.0,ACCEPTED,,270.83,270.83,270.86,1.1076445937724364,TW_FILTERED_PLUS_AI,"{""atr_expansion_min"": 1.1, ""cooldown_bars"": 3, ""ema_distance_min"": 0.003, ""ema_filter"": true, ""ema_length"": 200, ""hull_length"": 8, ""rsi_filter"": false, ""slope_filter"": true, ""volume_ratio_min"": 1.2}"
B-BTC_USDT-1790869500000-1,2026-10-01T15:50:08.627558+00:00,2026-10-01T15:45:00+00:00,B-BTC_USDT,LONG,1,LONG,92.0,ACCEPTED,,84175.1,84175.0,84175.1,0.011880004823973465,TW_FILTERED_PLUS_AI,"{""atr_expansion_min"": 1.1, ""cooldown_bars"": 3, ""ema_distance_min"": 0.003, ""ema_filter"": true, ""ema_length"": 200, ""hull_length"": 8, ""rsi_filter"": false, ""slope_filter"": true, ""volume_ratio_min"": 1.2}"
B-TAO_USDT-1790872500000--1,2026-10-01T16:42:02.425710+00:00,2026-10-01T16:35:00+00:00,B-TAO_USDT,SHORT,-1,SHORT,24.0,REJECTED,POSITION_ALREADY_OPEN,301.86,301.86,301.87,0.3312739138353537,TW_FILTERED_PLUS_AI,"{""atr_expansion_min"": 1.1, ""cooldown_bars"": 3, ""ema_distance_min"": 0.003, ""ema_filter"": true, ""ema_length"": 200, ""hull_length"": 8, ""rsi_filter"": false, ""slope_filter"": true, ""volume_ratio_min"": 1.2}"
B-CL_USDT-1790879700000-1,2026-10-01T18:43:43.580244+00:00,2026-10-01T18:35:00+00:00,B-CL_USDT,LONG,1,LONG,92.0,ACCEPTED,,93.07,93.06,93.07,1.0745178101317259,TW_FILTERED_PLUS_AI,"{""atr_expansion_min"": 1.1, ""cooldown_bars"": 3, ""ema_distance_min"": 0.003, ""ema_filter"": true, ""ema_length"": 200, ""hull_length"": 8, ""rsi_filter"": false, ""slope_filter"": true, ""volume_ratio_min"": 1.2}"
B-BTC_USDT-1790902500000-1,2026-10-02T01:02:17.816949+00:00,2026-10-02T00:55:00+00:00,B-BTC_USDT,LONG,1,LONG,68.0,REJECTED,POSITION_ALREADY_OPEN,84710.2,84710.1,84710.2,0.01180496079764572,TW_FILTERED_PLUS_AI,"{""atr_expansion_min"": 1.1, ""cooldown_bars"": 3, ""ema_distance_min"": 0.003, ""ema_filter"": true, ""ema_length"": 200, ""hull_length"": 8, ""rsi_filter"": false, ""slope_filter"": true, ""volume_ratio_min"": 1.2}"
B-AAVE_USDT-1790903400000-1,2026-10-02T01:15:19.414658+00:00,2026-10-02T01:10:00+00:00,B-AAVE_USDT,LONG,1,LONG,92.0,REJECTED,POSITION_ALREADY_OPEN,174.01,174.0,174.01,0.5746961294210456,TW_FILTERED_PLUS_AI,"{""atr_expansion_min"": 1.1, ""cooldown_bars"": 3, ""ema_distance_min"": 0.003, ""ema_filter"": true, ""ema_length"": 200, ""hull_length"": 8, ""rsi_filter"": false, ""slope_filter"": true, ""volume_ratio_min"": 1.2}"
B-CL_USDT-1790904000000-1,2026-10-02T01:29:40.466850+00:00,2026-10-02T01:20:00+00:00,B-CL_USDT,LONG,1,NO TRADE,48.0,REJECTED,POSITION_ALREADY_OPEN,92.96,92.95,92.96,1.0757893604422468,TW_FILTERED_PLUS_AI,"{""atr_expansion_min"": 1.1, ""cooldown_bars"": 3, ""ema_distance_min"": 0.003, ""ema_filter"": true, ""ema_length"": 200, ""hull_length"": 8, ""rsi_filter"": false, ""slope_filter"": true, ""volume_ratio_min"": 1.2}"
B-TAO_USDT-1790905200000--1,2026-10-02T01:48:00.318187+00:00,2026-10-02T01:40:00+00:00,B-TAO_USDT,SHORT,-1,SHORT,24.0,REJECTED,POSITION_ALREADY_OPEN,302.11,302.11,302.12,0.3309997848498388,TW_FILTERED_PLUS_AI,"{""atr_expansion_min"": 1.1, ""cooldown_bars"": 3, ""ema_distance_min"": 0.003, ""ema_filter"": true, ""ema_length"": 200, ""hull_length"": 8, ""rsi_filter"": false, ""slope_filter"": true, ""volume_ratio_min"": 1.2}"
B-BTC_USDT-1790905800000-1,2026-10-02T01:57:06.127407+00:00,2026-10-02T01:50:00+00:00,B-BTC_USDT,LONG,1,LONG,68.0,REJECTED,POSITION_ALREADY_OPEN,84870.9,84870.8,84870.9,0.011782608515322852,TW_FILTERED_PLUS_AI,"{""atr_expansion_min"": 1.1, ""cooldown_bars"": 3, ""ema_distance_min"": 0.003, ""ema_filter"": true, ""ema_length"": 200, ""hull_length"": 8, ""rsi_filter"": false, ""slope_filter"": true, ""volume_ratio_min"": 1.2}"
B-SOL_USDT-1790905800000-1,2026-10-02T01:57:07.604011+00:00,2026-10-02T01:50:00+00:00,B-SOL_USDT,LONG,1,LONG,82.0,REJECTED,POSITION_ALREADY_OPEN,119.56,119.55,119.56,0.8364351135464946,TW_FILTERED_PLUS_AI,"{""atr_expansion_min"": 1.1, ""cooldown_bars"": 3, ""ema_distance_min"": 0.003, ""ema_filter"": true, ""ema_length"": 200, ""hull_length"": 8, ""rsi_filter"": false, ""slope_filter"": true, ""volume_ratio_min"": 1.2}"
B-SUI_USDT-1790905800000-1,2026-10-02T01:57:12.207926+00:00,2026-10-02T01:50:00+00:00,B-SUI_USDT,LONG,1,LONG,68.0,REJECTED,POSITION_ALREADY_OPEN,1.1821,1.182,1.1821,0.845987902372903,TW_FILTERED_PLUS_AI,"{""atr_expansion_min"": 1.1, ""cooldown_bars"": 3, ""ema_distance_min"": 0.003, ""ema_filter"": true, ""ema_length"": 200, ""hull_length"": 8, ""rsi_filter"": false, ""slope_filter"": true, ""volume_ratio_min"": 1.2}"
B-WLD_USDT-1790905800000-1,2026-10-02T01:57:13.013767+00:00,2026-10-02T01:50:00+00:00,B-WLD_USDT,LONG,1,LONG,92.0,REJECTED,POSITION_ALREADY_OPEN,0.5121,0.512,0.5121,1.9529342837611363,TW_FILTERED_PLUS_AI,"{""atr_expansion_min"": 1.1, ""cooldown_bars"": 3, ""ema_distance_min"": 0.003, ""ema_filter"": true, ""ema_length"": 200, ""hull_length"": 8, ""rsi_filter"": false, ""slope_filter"": true, ""volume_ratio_min"": 1.2}"
B-US_USDT-1790905800000-1,2026-10-02T01:57:14.356286+00:00,2026-10-02T01:50:00+00:00,B-US_USDT,LONG,1,LONG,92.0,REJECTED,POSITION_ALREADY_OPEN,0.03117,0.031164,0.03117,1.9251131003943471,TW_FILTERED_PLUS_AI,"{""atr_expansion_min"": 1.1, ""cooldown_bars"": 3, ""ema_distance_min"": 0.003, ""ema_filter"": true, ""ema_length"": 200, ""hull_length"": 8, ""rsi_filter"": false, ""slope_filter"": true, ""volume_ratio_min"": 1.2}"
B-MOVR_USDT-1790906400000--1,2026-10-02T02:06:25.102331+00:00,2026-10-02T02:00:00+00:00,B-MOVR_USDT,SHORT,-1,NO TRADE,48.0,REJECTED,POSITION_ALREADY_OPEN,2.8543,2.8543,2.8548,1.751589567533121,TW_FILTERED_PLUS_AI,"{""atr_expansion_min"": 1.1, ""cooldown_bars"": 3, ""ema_distance_min"": 0.003, ""ema_filter"": true, ""ema_length"": 200, ""hull_length"": 8, ""rsi_filter"": false, ""slope_filter"": true, ""volume_ratio_min"": 1.2}"
B-ZEC_USDT-1790907600000--1,2026-10-02T02:25:14.110217+00:00,2026-10-02T02:20:00+00:00,B-ZEC_USDT,SHORT,-1,SHORT,24.0,REJECTED,POSITION_ALREADY_OPEN,1327.42,1327.42,1327.43,0.07533382300311434,TW_FILTERED_PLUS_AI,"{""atr_expansion_min"": 1.1, ""cooldown_bars"": 3, ""ema_distance_min"": 0.003, ""ema_filter"": true, ""ema_length"": 200, ""hull_length"": 8, ""rsi_filter"": false, ""slope_filter"": true, ""volume_ratio_min"": 1.2}"
B-BTC_USDT-1790909100000-1,2026-10-02T02:51:32.048527+00:00,2026-10-02T02:45:00+00:00,B-BTC_USDT,LONG,1,LONG,92.0,REJECTED,POSITION_ALREADY_OPEN,85044.9,85044.8,85044.9,0.011758501542570637,TW_FILTERED_PLUS_AI,"{""atr_expansion_min"": 1.1, ""cooldown_bars"": 3, ""ema_distance_min"": 0.003, ""ema_filter"": true, ""ema_length"": 200, ""hull_length"": 8, ""rsi_filter"": false, ""slope_filter"": true, ""volume_ratio_min"": 1.2}"
B-ETH_USDT-1790909100000-1,2026-10-02T02:51:32.554987+00:00,2026-10-02T02:45:00+00:00,B-ETH_USDT,LONG,1,LONG,92.0,REJECTED,POSITION_ALREADY_OPEN,2719.01,2719.0,2719.01,0.03677815965847168,TW_FILTERED_PLUS_AI,"{""atr_expansion_min"": 1.1, ""cooldown_bars"": 3, ""ema_distance_min"": 0.003, ""ema_filter"": true, ""ema_length"": 200, ""hull_length"": 8, ""rsi_filter"": false, ""slope_filter"": true, ""volume_ratio_min"": 1.2}"
B-BNB_USDT-1790911800000-1,2026-10-02T03:37:18.522442+00:00,2026-10-02T03:30:00+00:00,B-BNB_USDT,LONG,1,LONG,92.0,ACCEPTED,,774.97,774.96,774.97,0.1290380855908448,TW_FILTERED_PLUS_AI,"{""atr_expansion_min"": 1.1, ""cooldown_bars"": 3, ""ema_distance_min"": 0.003, ""ema_filter"": true, ""ema_length"": 200, ""hull_length"": 8, ""rsi_filter"": false, ""slope_filter"": true, ""volume_ratio_min"": 1.2}"
B-LINK_USDT-1790912100000-1,2026-10-02T03:40:21.348469+00:00,2026-10-02T03:35:00+00:00,B-LINK_USDT,LONG,1,LONG,92.0,REJECTED,POSITION_ALREADY_OPEN,14.401,14.4,14.401,0.6944203326269545,TW_FILTERED_PLUS_AI,"{""atr_expansion_min"": 1.1, ""cooldown_bars"": 3, ""ema_distance_min"": 0.003, ""ema_filter"": true, ""ema_length"": 200, ""hull_length"": 8, ""rsi_filter"": false, ""slope_filter"": true, ""volume_ratio_min"": 1.2}"
B-ENA_USDT-1790913000000--1,2026-10-02T03:55:42.010646+00:00,2026-10-02T03:50:00+00:00,B-ENA_USDT,SHORT,-1,SHORT,24.0,REJECTED,POSITION_ALREADY_OPEN,0.2414,0.2414,0.24141,0.4142416271415256,TW_FILTERED_PLUS_AI,"{""atr_expansion_min"": 1.1, ""cooldown_bars"": 3, ""ema_distance_min"": 0.003, ""ema_filter"": true, ""ema_length"": 200, ""hull_length"": 8, ""rsi_filter"": false, ""slope_filter"": true, ""volume_ratio_min"": 1.2}"
B-HYPE_USDT-1790914800000-1,2026-10-02T04:25:00.310434+00:00,2026-10-02T04:20:00+00:00,B-HYPE_USDT,LONG,1,LONG,82.0,REJECTED,POSITION_ALREADY_OPEN,89.341,89.34,89.341,0.11193131894164059,TW_FILTERED_PLUS_AI,"{""atr_expansion_min"": 1.1, ""cooldown_bars"": 3, ""ema_distance_min"": 0.003, ""ema_filter"": true, ""ema_length"": 200, ""hull_length"": 8, ""rsi_filter"": false, ""slope_filter"": true, ""volume_ratio_min"": 1.2}"
B-SUI_USDT-1790914800000-1,2026-10-02T04:25:01.523350+00:00,2026-10-02T04:20:00+00:00,B-SUI_USDT,LONG,1,LONG,92.0,REJECTED,POSITION_ALREADY_OPEN,1.1991,1.199,1.1991,0.8339935782493555,TW_FILTERED_PLUS_AI,"{""atr_expansion_min"": 1.1, ""cooldown_bars"": 3, ""ema_distance_min"": 0.003, ""ema_filter"": true, ""ema_length"": 200, ""hull_length"": 8, ""rsi_filter"": false, ""slope_filter"": true, ""volume_ratio_min"": 1.2}"
B-1000PEPE_USDT-1790914800000-1,2026-10-02T04:25:02.854042+00:00,2026-10-02T04:20:00+00:00,B-1000PEPE_USDT,LONG,1,LONG,82.0,REJECTED,POSITION_ALREADY_OPEN,0.0045388,0.0045386,0.0045388,0.4406548130514897,TW_FILTERED_PLUS_AI,"{""atr_expansion_min"": 1.1, ""cooldown_bars"": 3, ""ema_distance_min"": 0.003, ""ema_filter"": true, ""ema_length"": 200, ""hull_length"": 8, ""rsi_filter"": false, ""slope_filter"": true, ""volume_ratio_min"": 1.2}"
B-BNB_USDT-1790914800000-1,2026-10-02T04:25:03.518022+00:00,2026-10-02T04:20:00+00:00,B-BNB_USDT,LONG,1,LONG,82.0,REJECTED,POSITION_ALREADY_OPEN,779.84,779.83,779.84,0.1282322542587971,TW_FILTERED_PLUS_AI,"{""atr_expansion_min"": 1.1, ""cooldown_bars"": 3, ""ema_distance_min"": 0.003, ""ema_filter"": true, ""ema_length"": 200, ""hull_length"": 8, ""rsi_filter"": false, ""slope_filter"": true, ""volume_ratio_min"": 1.2}"
B-ADA_USDT-1790914800000-1,2026-10-02T04:25:04.172484+00:00,2026-10-02T04:20:00+00:00,B-ADA_USDT,LONG,1,LONG,82.0,REJECTED,POSITION_ALREADY_OPEN,0.2528,0.2527,0.2528,3.956478733928565,TW_FILTERED_PLUS_AI,"{""atr_expansion_min"": 1.1, ""cooldown_bars"": 3, ""ema_distance_min"": 0.003, ""ema_filter"": true, ""ema_length"": 200, ""hull_length"": 8, ""rsi_filter"": false, ""slope_filter"": true, ""volume_ratio_min"": 1.2}"
B-TAO_USDT-1790914800000-1,2026-10-02T04:25:04.947667+00:00,2026-10-02T04:20:00+00:00,B-TAO_USDT,LONG,1,LONG,92.0,REJECTED,POSITION_ALREADY_OPEN,311.02,311.01,311.02,0.32152790058328073,TW_FILTERED_PLUS_AI,"{""atr_expansion_min"": 1.1, ""cooldown_bars"": 3, ""ema_distance_min"": 0.003, ""ema_filter"": true, ""ema_length"": 200, ""hull_length"": 8, ""rsi_filter"": false, ""slope_filter"": true, ""volume_ratio_min"": 1.2}"
B-LINK_USDT-1790914800000-1,2026-10-02T04:25:05.829916+00:00,2026-10-02T04:20:00+00:00,B-LINK_USDT,LONG,1,LONG,92.0,REJECTED,POSITION_ALREADY_OPEN,14.544,14.543,14.544,0.6875923952289491,TW_FILTERED_PLUS_AI,"{""atr_expansion_min"": 1.1, ""cooldown_bars"": 3, ""ema_distance_min"": 0.003, ""ema_filter"": true, ""ema_length"": 200, ""hull_length"": 8, ""rsi_filter"": false, ""slope_filter"": true, ""volume_ratio_min"": 1.2}"
B-TRUMP_USDT-1790914800000-1,2026-10-02T04:25:06.503369+00:00,2026-10-02T04:20:00+00:00,B-TRUMP_USDT,LONG,1,LONG,82.0,REJECTED,POSITION_ALREADY_OPEN,2.092,2.091,2.092,4.781257470714271,TW_FILTERED_PLUS_AI,"{""atr_expansion_min"": 1.1, ""cooldown_bars"": 3, ""ema_distance_min"": 0.003, ""ema_filter"": true, ""ema_length"": 200, ""hull_length"": 8, ""rsi_filter"": false, ""slope_filter"": true, ""volume_ratio_min"": 1.2}"
B-ZEC_USDT-1790914800000-1,2026-10-02T04:25:24.444020+00:00,2026-10-02T04:20:00+00:00,B-ZEC_USDT,LONG,1,LONG,92.0,REJECTED,POSITION_ALREADY_OPEN,1361.75,1361.74,1361.75,0.07343518793893795,TW_FILTERED_PLUS_AI,"{""atr_expansion_min"": 1.1, ""cooldown_bars"": 3, ""ema_distance_min"": 0.003, ""ema_filter"": true, ""ema_length"": 200, ""hull_length"": 8, ""rsi_filter"": false, ""slope_filter"": true, ""volume_ratio_min"": 1.2}"
B-SOL_USDT-1790914800000-1,2026-10-02T04:25:24.876832+00:00,2026-10-02T04:20:00+00:00,B-SOL_USDT,LONG,1,LONG,82.0,REJECTED,POSITION_ALREADY_OPEN,122.16,122.15,122.16,0.8186320658172735,TW_FILTERED_PLUS_AI,"{""atr_expansion_min"": 1.1, ""cooldown_bars"": 3, ""ema_distance_min"": 0.003, ""ema_filter"": true, ""ema_length"": 200, ""hull_length"": 8, ""rsi_filter"": false, ""slope_filter"": true, ""volume_ratio_min"": 1.2}"
B-XRP_USDT-1790914800000-1,2026-10-02T04:25:26.640463+00:00,2026-10-02T04:20:00+00:00,B-XRP_USDT,LONG,1,LONG,82.0,REJECTED,POSITION_ALREADY_OPEN,1.524,1.5239,1.524,0.6561895075297023,TW_FILTERED_PLUS_AI,"{""atr_expansion_min"": 1.1, ""cooldown_bars"": 3, ""ema_distance_min"": 0.003, ""ema_filter"": true, ""ema_length"": 200, ""hull_length"": 8, ""rsi_filter"": false, ""slope_filter"": true, ""volume_ratio_min"": 1.2}"
B-PUMP_USDT-1790916300000-1,2026-10-02T04:50:14.838751+00:00,2026-10-02T04:45:00+00:00,B-PUMP_USDT,LONG,1,LONG,92.0,ACCEPTED,,0.005846,0.005845,0.005846,1.710717646051262,TW_FILTERED_PLUS_AI,"{""atr_expansion_min"": 1.1, ""cooldown_bars"": 3, ""ema_distance_min"": 0.003, ""ema_filter"": true, ""ema_length"": 200, ""hull_length"": 8, ""rsi_filter"": false, ""slope_filter"": true, ""volume_ratio_min"": 1.2}"
B-US_USDT-1790917500000-1,2026-10-02T05:10:16.694211+00:00,2026-10-02T05:05:00+00:00,B-US_USDT,LONG,1,NO TRADE,48.0,REJECTED,POSITION_ALREADY_OPEN,0.034605,0.034584,0.034605,6.070329098556182,TW_FILTERED_PLUS_AI,"{""atr_expansion_min"": 1.1, ""cooldown_bars"": 3, ""ema_distance_min"": 0.003, ""ema_filter"": true, ""ema_length"": 200, ""hull_length"": 8, ""rsi_filter"": false, ""slope_filter"": true, ""volume_ratio_min"": 1.2}"
B-HYPE_USDT-1790919900000-1,2026-10-02T05:54:10.528620+00:00,2026-10-02T05:45:00+00:00,B-HYPE_USDT,LONG,1,LONG,92.0,ACCEPTED,,89.852,89.851,89.852,0.11129474744492578,TW_FILTERED_PLUS_AI,"{""atr_expansion_min"": 1.1, ""cooldown_bars"": 3, ""ema_distance_min"": 0.003, ""ema_filter"": true, ""ema_length"": 200, ""hull_length"": 8, ""rsi_filter"": false, ""slope_filter"": true, ""volume_ratio_min"": 1.2}"
B-CL_USDT-1790921100000--1,2026-10-02T06:12:38.253231+00:00,2026-10-02T06:05:00+00:00,B-CL_USDT,SHORT,-1,SHORT,24.0,ACCEPTED,,92.21,92.21,92.22,1.0844222740340634,TW_FILTERED_PLUS_AI,"{""atr_expansion_min"": 1.1, ""cooldown_bars"": 3, ""ema_distance_min"": 0.003, ""ema_filter"": true, ""ema_length"": 200, ""hull_length"": 8, ""rsi_filter"": false, ""slope_filter"": true, ""volume_ratio_min"": 1.2}"
B-PUMP_USDT-1790928900000-1,2026-10-02T08:20:05.058670+00:00,2026-10-02T08:15:00+00:00,B-PUMP_USDT,LONG,1,LONG,92.0,ACCEPTED,,0.006032,0.006031,0.006032,1.6579623642545513,TW_FILTERED_PLUS_AI,"{""atr_expansion_min"": 1.1, ""cooldown_bars"": 3, ""ema_distance_min"": 0.003, ""ema_filter"": true, ""ema_length"": 200, ""hull_length"": 8, ""rsi_filter"": false, ""slope_filter"": true, ""volume_ratio_min"": 1.2}"
B-CL_USDT-1790932200000--1,2026-10-02T09:15:09.367903+00:00,2026-10-02T09:10:00+00:00,B-CL_USDT,SHORT,-1,SHORT,34.0,ACCEPTED,,89.06,89.06,89.07,1.1227755010375462,TW_FILTERED_PLUS_AI,"{""atr_expansion_min"": 1.1, ""cooldown_bars"": 3, ""ema_distance_min"": 0.003, ""ema_filter"": true, ""ema_length"": 200, ""hull_length"": 8, ""rsi_filter"": false, ""slope_filter"": true, ""volume_ratio_min"": 1.2}"
B-BZ_USDT-1790932500000--1,2026-10-02T09:23:14.291774+00:00,2026-10-02T09:15:00+00:00,B-BZ_USDT,SHORT,-1,SHORT,34.0,REJECTED,POSITION_ALREADY_OPEN,99.15,99.15,99.16,1.0085220109919726,TW_FILTERED_PLUS_AI,"{""atr_expansion_min"": 1.1, ""cooldown_bars"": 3, ""ema_distance_min"": 0.003, ""ema_filter"": true, ""ema_length"": 200, ""hull_length"": 8, ""rsi_filter"": false, ""slope_filter"": true, ""volume_ratio_min"": 1.2}"
B-ADA_USDT-1790945400000-1,2026-10-02T12:55:03.124963+00:00,2026-10-02T12:50:00+00:00,B-ADA_USDT,LONG,1,LONG,92.0,ACCEPTED,,0.2569,0.2568,0.2569,3.8933229511405294,TW_FILTERED_PLUS_AI,"{""atr_expansion_min"": 1.1, ""cooldown_bars"": 3, ""ema_distance_min"": 0.003, ""ema_filter"": true, ""ema_length"": 200, ""hull_length"": 8, ""rsi_filter"": false, ""slope_filter"": true, ""volume_ratio_min"": 1.2}"
B-WLD_USDT-1790947200000-1,2026-10-02T13:25:00.592901+00:00,2026-10-02T13:20:00+00:00,B-WLD_USDT,LONG,1,LONG,82.0,REJECTED,POSITION_ALREADY_OPEN,0.5736,0.5735,0.5736,1.7435271554352538,TW_FILTERED_PLUS_AI,"{""atr_expansion_min"": 1.1, ""cooldown_bars"": 3, ""ema_distance_min"": 0.003, ""ema_filter"": true, ""ema_length"": 200, ""hull_length"": 8, ""rsi_filter"": false, ""slope_filter"": true, ""volume_ratio_min"": 1.2}"
B-ETH_USDT-1790947800000-1,2026-10-02T13:39:06.163547+00:00,2026-10-02T13:30:00+00:00,B-ETH_USDT,LONG,1,LONG,92.0,ACCEPTED,,2762.21,2762.2,2762.21,0.03620296104097371,TW_FILTERED_PLUS_AI,"{""atr_expansion_min"": 1.1, ""cooldown_bars"": 3, ""ema_distance_min"": 0.003, ""ema_filter"": true, ""ema_length"": 200, ""hull_length"": 8, ""rsi_filter"": false, ""slope_filter"": true, ""volume_ratio_min"": 1.2}"
B-SOL_USDT-1790947800000-1,2026-10-02T13:39:07.021939+00:00,2026-10-02T13:30:00+00:00,B-SOL_USDT,LONG,1,LONG,92.0,REJECTED,POSITION_ALREADY_OPEN,123.08,123.07,123.08,0.8125126955112831,TW_FILTERED_PLUS_AI,"{""atr_expansion_min"": 1.1, ""cooldown_bars"": 3, ""ema_distance_min"": 0.003, ""ema_filter"": true, ""ema_length"": 200, ""hull_length"": 8, ""rsi_filter"": false, ""slope_filter"": true, ""volume_ratio_min"": 1.2}"
B-NEAR_USDT-1790947800000-1,2026-10-02T13:39:08.572193+00:00,2026-10-02T13:30:00+00:00,B-NEAR_USDT,LONG,1,LONG,68.0,REJECTED,POSITION_ALREADY_OPEN,4.971,4.97,4.971,2.011870033196528,TW_FILTERED_PLUS_AI,"{""atr_expansion_min"": 1.1, ""cooldown_bars"": 3, ""ema_distance_min"": 0.003, ""ema_filter"": true, ""ema_length"": 200, ""hull_length"": 8, ""rsi_filter"": false, ""slope_filter"": true, ""volume_ratio_min"": 1.2}"
B-ADA_USDT-1790947800000-1,2026-10-02T13:39:12.595924+00:00,2026-10-02T13:30:00+00:00,B-ADA_USDT,LONG,1,LONG,92.0,REJECTED,POSITION_ALREADY_OPEN,0.2579,0.2578,0.2579,3.878223773513457,TW_FILTERED_PLUS_AI,"{""atr_expansion_min"": 1.1, ""cooldown_bars"": 3, ""ema_distance_min"": 0.003, ""ema_filter"": true, ""ema_length"": 200, ""hull_length"": 8, ""rsi_filter"": false, ""slope_filter"": true, ""volume_ratio_min"": 1.2}"
B-TAO_USDT-1790947800000-1,2026-10-02T13:39:13.548480+00:00,2026-10-02T13:30:00+00:00,B-TAO_USDT,LONG,1,LONG,92.0,REJECTED,POSITION_ALREADY_OPEN,315.48,315.47,315.48,0.3169823282349125,TW_FILTERED_PLUS_AI,"{""atr_expansion_min"": 1.1, ""cooldown_bars"": 3, ""ema_distance_min"": 0.003, ""ema_filter"": true, ""ema_length"": 200, ""hull_length"": 8, ""rsi_filter"": false, ""slope_filter"": true, ""volume_ratio_min"": 1.2}"
B-BTC_USDT-1790948100000-1,2026-10-02T13:40:18.781223+00:00,2026-10-02T13:35:00+00:00,B-BTC_USDT,LONG,1,LONG,92.0,REJECTED,POSITION_ALREADY_OPEN,87049.9,87049.8,87049.9,0.011487670569365581,TW_FILTERED_PLUS_AI,"{""atr_expansion_min"": 1.1, ""cooldown_bars"": 3, ""ema_distance_min"": 0.003, ""ema_filter"": true, ""ema_length"": 200, ""hull_length"": 8, ""rsi_filter"": false, ""slope_filter"": true, ""volume_ratio_min"": 1.2}"
B-HYPE_USDT-1790948100000-1,2026-10-02T13:40:21.868111+00:00,2026-10-02T13:35:00+00:00,B-HYPE_USDT,LONG,1,LONG,92.0,REJECTED,POSITION_ALREADY_OPEN,91.334,91.333,91.334,0.1094888512982394,TW_FILTERED_PLUS_AI,"{""atr_expansion_min"": 1.1, ""cooldown_bars"": 3, ""ema_distance_min"": 0.003, ""ema_filter"": true, ""ema_length"": 200, ""hull_length"": 8, ""rsi_filter"": false, ""slope_filter"": true, ""volume_ratio_min"": 1.2}"
B-CL_USDT-1790949600000--1,2026-10-02T14:06:27.903071+00:00,2026-10-02T14:00:00+00:00,B-CL_USDT,SHORT,-1,SHORT,24.0,ACCEPTED,,89.05,89.05,89.06,1.122901577677291,TW_FILTERED_PLUS_AI,"{""atr_expansion_min"": 1.1, ""cooldown_bars"": 3, ""ema_distance_min"": 0.003, ""ema_filter"": true, ""ema_length"": 200, ""hull_length"": 8, ""rsi_filter"": false, ""slope_filter"": true, ""volume_ratio_min"": 1.2}"
B-BZ_USDT-1790949600000--1,2026-10-02T14:06:30.254604+00:00,2026-10-02T14:00:00+00:00,B-BZ_USDT,SHORT,-1,SHORT,24.0,REJECTED,POSITION_ALREADY_OPEN,99.04,99.04,99.05,1.0096420818810545,TW_FILTERED_PLUS_AI,"{""atr_expansion_min"": 1.1, ""cooldown_bars"": 3, ""ema_distance_min"": 0.003, ""ema_filter"": true, ""ema_length"": 200, ""hull_length"": 8, ""rsi_filter"": false, ""slope_filter"": true, ""volume_ratio_min"": 1.2}"
B-QNT_USDT-1790950500000-1,2026-10-02T14:20:03.028778+00:00,2026-10-02T14:15:00+00:00,B-QNT_USDT,LONG,1,LONG,92.0,REJECTED,POSITION_ALREADY_OPEN,249.07,249.04,249.07,1.2045532111381476,TW_FILTERED_PLUS_AI,"{""atr_expansion_min"": 1.1, ""cooldown_bars"": 3, ""ema_distance_min"": 0.003, ""ema_filter"": true, ""ema_length"": 200, ""hull_length"": 8, ""rsi_filter"": false, ""slope_filter"": true, ""volume_ratio_min"": 1.2}"
B-ZEC_USDT-1790950800000-1,2026-10-02T14:25:23.682420+00:00,2026-10-02T14:20:00+00:00,B-ZEC_USDT,LONG,1,LONG,92.0,REJECTED,POSITION_ALREADY_OPEN,1392.22,1392.21,1392.22,0.07182798633825166,TW_FILTERED_PLUS_AI,"{""atr_expansion_min"": 1.1, ""cooldown_bars"": 3, ""ema_distance_min"": 0.003, ""ema_filter"": true, ""ema_length"": 200, ""hull_length"": 8, ""rsi_filter"": false, ""slope_filter"": true, ""volume_ratio_min"": 1.2}"
B-NEAR_USDT-1790951100000-1,2026-10-02T14:34:45.153336+00:00,2026-10-02T14:25:00+00:00,B-NEAR_USDT,LONG,1,LONG,68.0,REJECTED,POSITION_ALREADY_OPEN,4.878,4.877,4.878,2.0502306509489165,TW_FILTERED_PLUS_AI,"{""atr_expansion_min"": 1.1, ""cooldown_bars"": 3, ""ema_distance_min"": 0.003, ""ema_filter"": true, ""ema_length"": 200, ""hull_length"": 8, ""rsi_filter"": false, ""slope_filter"": true, ""volume_ratio_min"": 1.2}"
B-PUMP_USDT-1790952300000-1,2026-10-02T14:53:09.087643+00:00,2026-10-02T14:45:00+00:00,B-PUMP_USDT,LONG,1,LONG,92.0,REJECTED,DAILY_TRADE_CAP,0.006116,0.006115,0.006116,1.635189273158585,TW_FILTERED_PLUS_AI,"{""atr_expansion_min"": 1.1, ""cooldown_bars"": 3, ""ema_distance_min"": 0.003, ""ema_filter"": true, ""ema_length"": 200, ""hull_length"": 8, ""rsi_filter"": false, ""slope_filter"": true, ""volume_ratio_min"": 1.2}"
B-1000PEPE_USDT-1790952600000--1,2026-10-02T14:55:07.318988+00:00,2026-10-02T14:50:00+00:00,B-1000PEPE_USDT,SHORT,-1,SHORT,24.0,REJECTED,DAILY_TRADE_CAP,0.0043844,0.0043844,0.0043845,0.22807877841068658,TW_FILTERED_PLUS_AI,"{""atr_expansion_min"": 1.1, ""cooldown_bars"": 3, ""ema_distance_min"": 0.003, ""ema_filter"": true, ""ema_length"": 200, ""hull_length"": 8, ""rsi_filter"": false, ""slope_filter"": true, ""volume_ratio_min"": 1.2}"
B-ADA_USDT-1790952600000--1,2026-10-02T14:55:07.610652+00:00,2026-10-02T14:50:00+00:00,B-ADA_USDT,SHORT,-1,SHORT,24.0,REJECTED,DAILY_TRADE_CAP,0.2518,0.2518,0.2519,3.9706174310100844,TW_FILTERED_PLUS_AI,"{""atr_expansion_min"": 1.1, ""cooldown_bars"": 3, ""ema_distance_min"": 0.003, ""ema_filter"": true, ""ema_length"": 200, ""hull_length"": 8, ""rsi_filter"": false, ""slope_filter"": true, ""volume_ratio_min"": 1.2}"
B-LINK_USDT-1790952600000--1,2026-10-02T14:55:07.875545+00:00,2026-10-02T14:50:00+00:00,B-LINK_USDT,SHORT,-1,SHORT,24.0,REJECTED,DAILY_TRADE_CAP,14.179,14.179,14.18,0.7052434853129136,TW_FILTERED_PLUS_AI,"{""atr_expansion_min"": 1.1, ""cooldown_bars"": 3, ""ema_distance_min"": 0.003, ""ema_filter"": true, ""ema_length"": 200, ""hull_length"": 8, ""rsi_filter"": false, ""slope_filter"": true, ""volume_ratio_min"": 1.2}"
B-TAO_USDT-1790952600000--1,2026-10-02T14:55:08.132510+00:00,2026-10-02T14:50:00+00:00,B-TAO_USDT,SHORT,-1,SHORT,24.0,REJECTED,DAILY_TRADE_CAP,307.89,307.89,307.9,0.3247860471911173,TW_FILTERED_PLUS_AI,"{""atr_expansion_min"": 1.1, ""cooldown_bars"": 3, ""ema_distance_min"": 0.003, ""ema_filter"": true, ""ema_length"": 200, ""hull_length"": 8, ""rsi_filter"": false, ""slope_filter"": true, ""volume_ratio_min"": 1.2}"
B-BZ_USDT-1790955900000-1,2026-10-02T15:50:05.586203+00:00,2026-10-02T15:45:00+00:00,B-BZ_USDT,LONG,1,LONG,92.0,REJECTED,DAILY_TRADE_CAP,101.3,101.29,101.3,0.9872155585163044,TW_FILTERED_PLUS_AI,"{""atr_expansion_min"": 1.1, ""cooldown_bars"": 3, ""ema_distance_min"": 0.003, ""ema_filter"": true, ""ema_length"": 200, ""hull_length"": 8, ""rsi_filter"": false, ""slope_filter"": true, ""volume_ratio_min"": 1.2}"
B-AAVE_USDT-1790956200000-1,2026-10-02T15:57:57.474355+00:00,2026-10-02T15:50:00+00:00,B-AAVE_USDT,LONG,1,LONG,68.0,REJECTED,DAILY_TRADE_CAP,183.34,183.33,183.34,0.5454495868214418,TW_FILTERED_PLUS_AI,"{""atr_expansion_min"": 1.1, ""cooldown_bars"": 3, ""ema_distance_min"": 0.003, ""ema_filter"": true, ""ema_length"": 200, ""hull_length"": 8, ""rsi_filter"": false, ""slope_filter"": true, ""volume_ratio_min"": 1.2}"
B-GTC_USDT-1790961600000-1,2026-10-02T17:28:51.821384+00:00,2026-10-02T17:20:00+00:00,B-GTC_USDT,LONG,1,LONG,82.0,REJECTED,DAILY_TRADE_CAP,0.14826,0.14816,0.14826,6.747183051077305,TW_FILTERED_PLUS_AI,"{""atr_expansion_min"": 1.1, ""cooldown_bars"": 3, ""ema_distance_min"": 0.003, ""ema_filter"": true, ""ema_length"": 200, ""hull_length"": 8, ""rsi_filter"": false, ""slope_filter"": true, ""volume_ratio_min"": 1.2}"
B-US_USDT-1790963100000--1,2026-10-02T17:50:16.686084+00:00,2026-10-02T17:45:00+00:00,B-US_USDT,SHORT,-1,SHORT,34.0,REJECTED,DAILY_TRADE_CAP,0.023997,0.023997,0.024006,3.7497656396469354,TW_FILTERED_PLUS_AI,"{""atr_expansion_min"": 1.1, ""cooldown_bars"": 3, ""ema_distance_min"": 0.003, ""ema_filter"": true, ""ema_length"": 200, ""hull_length"": 8, ""rsi_filter"": false, ""slope_filter"": true, ""volume_ratio_min"": 1.2}"
B-AAVE_USDT-1790968200000--1,2026-10-02T19:18:06.235854+00:00,2026-10-02T19:10:00+00:00,B-AAVE_USDT,SHORT,-1,SHORT,24.0,ACCEPTED,,178.62,178.62,178.63,0.5598320503843753,TW_FILTERED_PLUS_AI,"{""atr_expansion_min"": 1.1, ""cooldown_bars"": 3, ""ema_distance_min"": 0.003, ""ema_filter"": true, ""ema_length"": 200, ""hull_length"": 8, ""rsi_filter"": false, ""slope_filter"": true, ""volume_ratio_min"": 1.2}"
B-ZEC_USDT-1790968500000--1,2026-10-02T19:20:04.696361+00:00,2026-10-02T19:15:00+00:00,B-ZEC_USDT,SHORT,-1,SHORT,34.0,REJECTED,POSITION_ALREADY_OPEN,1295.3,1295.3,1295.31,0.07720189453442167,TW_FILTERED_PLUS_AI,"{""atr_expansion_min"": 1.1, ""cooldown_bars"": 3, ""ema_distance_min"": 0.003, ""ema_filter"": true, ""ema_length"": 200, ""hull_length"": 8, ""rsi_filter"": false, ""slope_filter"": true, ""volume_ratio_min"": 1.2}"
B-WLD_USDT-1790987400000-1,2026-10-03T00:36:40.418208+00:00,2026-10-03T00:30:00+00:00,B-WLD_USDT,LONG,1,LONG,82.0,ACCEPTED,,0.563,0.5629,0.563,1.7763566924236431,TW_FILTERED_PLUS_AI,"{""atr_expansion_min"": 1.1, ""cooldown_bars"": 3, ""ema_distance_min"": 0.003, ""ema_filter"": true, ""ema_length"": 200, ""hull_length"": 8, ""rsi_filter"": false, ""slope_filter"": true, ""volume_ratio_min"": 1.2}"
B-AVAX_USDT-1790989500000-1,2026-10-03T01:12:30.657098+00:00,2026-10-03T01:05:00+00:00,B-AVAX_USDT,LONG,1,LONG,82.0,ACCEPTED,,10.929,10.928,10.929,0.915038660382894,TW_FILTERED_PLUS_AI,"{""atr_expansion_min"": 1.1, ""cooldown_bars"": 3, ""ema_distance_min"": 0.003, ""ema_filter"": true, ""ema_length"": 200, ""hull_length"": 8, ""rsi_filter"": false, ""slope_filter"": true, ""volume_ratio_min"": 1.2}"
B-SUI_USDT-1790989800000-1,2026-10-03T01:15:23.641955+00:00,2026-10-03T01:10:00+00:00,B-SUI_USDT,LONG,1,LONG,82.0,REJECTED,POSITION_ALREADY_OPEN,1.194,1.1939,1.194,0.8375560115581806,TW_FILTERED_PLUS_AI,"{""atr_expansion_min"": 1.1, ""cooldown_bars"": 3, ""ema_distance_min"": 0.003, ""ema_filter"": true, ""ema_length"": 200, ""hull_length"": 8, ""rsi_filter"": false, ""slope_filter"": true, ""volume_ratio_min"": 1.2}"
B-US_USDT-1790990100000--1,2026-10-03T01:22:37.074836+00:00,2026-10-03T01:15:00+00:00,B-US_USDT,SHORT,-1,SHORT,24.0,REJECTED,POSITION_ALREADY_OPEN,0.024365,0.024365,0.024366,0.4104163674037186,TW_FILTERED_PLUS_AI,"{""atr_expansion_min"": 1.1, ""cooldown_bars"": 3, ""ema_distance_min"": 0.003, ""ema_filter"": true, ""ema_length"": 200, ""hull_length"": 8, ""rsi_filter"": false, ""slope_filter"": true, ""volume_ratio_min"": 1.2}"
B-US_USDT-1790992500000--1,2026-10-03T02:00:13.482175+00:00,2026-10-03T01:55:00+00:00,B-US_USDT,SHORT,-1,NO TRADE,48.0,REJECTED,AI_CONFLICT,0.024176,0.024176,0.024192,6.615944426067698,TW_FILTERED_PLUS_AI,"{""atr_expansion_min"": 1.1, ""cooldown_bars"": 3, ""ema_distance_min"": 0.003, ""ema_filter"": true, ""ema_length"": 200, ""hull_length"": 8, ""rsi_filter"": false, ""slope_filter"": true, ""volume_ratio_min"": 1.2}"
B-US_USDT-1790994300000--1,2026-10-03T02:30:15.420671+00:00,2026-10-03T02:25:00+00:00,B-US_USDT,SHORT,-1,NO TRADE,48.0,REJECTED,AI_CONFLICT,0.023749,0.023749,0.023757,3.367995621606139,TW_FILTERED_PLUS_AI,"{""atr_expansion_min"": 1.1, ""cooldown_bars"": 3, ""ema_distance_min"": 0.003, ""ema_filter"": true, ""ema_length"": 200, ""hull_length"": 8, ""rsi_filter"": false, ""slope_filter"": true, ""volume_ratio_min"": 1.2}"
B-UNI_USDT-1790994600000-1,2026-10-03T02:35:29.930486+00:00,2026-10-03T02:30:00+00:00,B-UNI_USDT,LONG,1,LONG,92.0,ACCEPTED,,9.179,9.178,9.179,1.0895026420433032,TW_FILTERED_PLUS_AI,"{""atr_expansion_min"": 1.1, ""cooldown_bars"": 3, ""ema_distance_min"": 0.003, ""ema_filter"": true, ""ema_length"": 200, ""hull_length"": 8, ""rsi_filter"": false, ""slope_filter"": true, ""volume_ratio_min"": 1.2}"
B-BTC_USDT-1791009900000--1,2026-10-03T06:50:15.675335+00:00,2026-10-03T06:45:00+00:00,B-BTC_USDT,SHORT,-1,NO TRADE,48.0,REJECTED,AI_CONFLICT,84513.4,84513.4,84513.5,0.011832436139551842,TW_FILTERED_PLUS_AI,"{""atr_expansion_min"": 1.1, ""cooldown_bars"": 3, ""ema_distance_min"": 0.003, ""ema_filter"": true, ""ema_length"": 200, ""hull_length"": 8, ""rsi_filter"": false, ""slope_filter"": true, ""volume_ratio_min"": 1.2}"
B-QNT_USDT-1791012900000-1,2026-10-03T07:41:29.075346+00:00,2026-10-03T07:35:00+00:00,B-QNT_USDT,LONG,1,LONG,92.0,ACCEPTED,,266.51,266.5,266.51,0.37522748166041553,TW_FILTERED_PLUS_AI,"{""atr_expansion_min"": 1.1, ""cooldown_bars"": 3, ""ema_distance_min"": 0.003, ""ema_filter"": true, ""ema_length"": 200, ""hull_length"": 8, ""rsi_filter"": false, ""slope_filter"": true, ""volume_ratio_min"": 1.2}"
B-BTC_USDT-1791013200000--1,2026-10-03T07:45:03.764427+00:00,2026-10-03T07:40:00+00:00,B-BTC_USDT,SHORT,-1,SHORT,24.0,ACCEPTED,,84527.5,84527.5,84527.6,0.011830462376564892,TW_FILTERED_PLUS_AI,"{""atr_expansion_min"": 1.1, ""cooldown_bars"": 3, ""ema_distance_min"": 0.003, ""ema_filter"": true, ""ema_length"": 200, ""hull_length"": 8, ""rsi_filter"": false, ""slope_filter"": true, ""volume_ratio_min"": 1.2}"
